ad_name,category,description,link,image_url
Explore The Best 883 Police Full Sleeve Solid Men's Jacket,883 Police Full Sleeve Solid Men's Jacket,Find exactly what you're looking for in our extensive 883 Police Full Sleeve Solid Men's Jacket range. Click to see more.,#,http://img5a.flixcart.com/image/jacket/z/4/q/corbet16a-black-883-police-m-original-imaeg49ytbbmtcgg.jpeg
"ABEEZ Boys, Men, Girls (Black, Pack of 1): Up to 50% Off","ABEEZ Boys, Men, Girls (Black, Pack of 1)","Discover the latest trends in ABEEZ Boys, Men, Girls (Black, Pack of 1). Perfect for every occasion. Limited time offer!",#,http://img5a.flixcart.com/image/wrist-band/z/r/t/1-abeez-beast-mode-black-colour-wrist-bands-1100x1100-imaejyrparghhcct.jpeg
ANAND ARCHIES Girls Flats: Up to 50% Off,ANAND ARCHIES Girls Flats,Upgrade your lifestyle with our premium selection of ANAND ARCHIES Girls Flats. Fast delivery available.,#,http://img5a.flixcart.com/image/sandal/y/y/f/pink-aa-151-anand-archies-39-original-imaeg5d4zzwjr8gr.jpeg
ANAND ARCHIES Girls Wedges: Up to 50% Off,ANAND ARCHIES Girls Wedges,Upgrade your lifestyle with our premium selection of ANAND ARCHIES Girls Wedges. Fast delivery available.,#,http://img5a.flixcart.com/image/sandal/8/g/j/gold-aa-140-anand-archies-37-original-imaeg5d4ftjgn5yp.jpeg
Explore The Best ANASAZI Casual 3/4 Sleeve Solid Women's Top,ANASAZI Casual 3/4 Sleeve Solid Women's Top,Top-rated ANASAZI Casual 3/4 Sleeve Solid Women's Top just for you. Quality guaranteed. Explore our collection today!,#,http://img5a.flixcart.com/image/top/x/z/j/210-anasazi-xxl-original-imaehznkvuvqkyrw.jpeg
Exclusive Offers on ATV Pouch for Acer Liquid Z330 (STEEL BLUE),ATV Pouch for Acer Liquid Z330 (STEEL BLUE),Discover the latest trends in ATV Pouch for Acer Liquid Z330 (STEEL BLUE). Perfect for every occasion. Limited time offer!,#,http://img6a.flixcart.com/image/cases-covers/pouch/7/2/t/atv-pu-fp-sm-gs7-edge-cdma-d7-sblu-original-imaejka4symsdahu.jpeg
Fresh Arrivals: Abhinl Fashion Cotton Printed Semi-stitched Salw... Collection,Abhinl Fashion Cotton Printed Semi-stitched Salw...,Don't miss out on our exclusive offers for Abhinl Fashion Cotton Printed Semi-stitched Salw.... Shop now for the best quality and prices.,#,http://img6a.flixcart.com/image/fabric/t/9/4/sg916-o209451k825230-indian-wholesale-clothing-original-imaeefmfxymxgd3g.jpeg
"Mega Deals on Adidas IND PRO THI GUA Thigh Guard (White, Blue,...!","Adidas IND PRO THI GUA Thigh Guard (White, Blue,...","Find exactly what you're looking for in our extensive Adidas IND PRO THI GUA Thigh Guard (White, Blue,... range. Click to see more.",#,http://img5a.flixcart.com/image/guard/h/2/j/ay0286-left-right-1-adidas-thigh-guard-ind-pro-thi-gua-m-1100x1100-imaejftggk2ywbmb.jpeg
Ajaero Slim Fit Women's Dark Blue Jeans: Up to 50% Off,Ajaero Slim Fit Women's Dark Blue Jeans,Find exactly what you're looking for in our extensive Ajaero Slim Fit Women's Dark Blue Jeans range. Click to see more.,#,http://img6a.flixcart.com/image/jean/b/w/y/gtx55-ajaero-28-original-imaeghkcfrhmf5zh.jpeg
Exclusive Offers on Amita Home Furnishing Cotton Floral Single Bedsh...,Amita Home Furnishing Cotton Floral Single Bedsh...,Top-rated Amita Home Furnishing Cotton Floral Single Bedsh... just for you. Quality guaranteed. Explore our collection today!,#,http://img6a.flixcart.com/image/bedsheet/c/m/z/aw7-amita-home-furnishing-flat-cherry-original-imaegcqn5hsgnnhf.jpeg
Unlock Savings on Amita Home Furnishing Cotton Printed Single Beds...,Amita Home Furnishing Cotton Printed Single Beds...,Find exactly what you're looking for in our extensive Amita Home Furnishing Cotton Printed Single Beds... range. Click to see more.,#,http://img6a.flixcart.com/image/bedsheet/x/r/r/aw6-amita-home-furnishing-flat-cherry-original-imaegcqmtyvdg3wh.jpeg
Fresh Arrivals: Anuradha Art Stylish Hair Clip (Black) Collection,Anuradha Art Stylish Hair Clip (Black),Don't miss out on our exclusive offers for Anuradha Art Stylish Hair Clip (Black). Shop now for the best quality and prices.,#,http://img5a.flixcart.com/image/hair-accessory/k/f/w/zbf-40-1-anuradha-art-stylish-1100x1100-imaegg9dyftamevg.jpeg
Explore The Best Anuradha Art Stylish Hair Clip (Blue),Anuradha Art Stylish Hair Clip (Blue),Find exactly what you're looking for in our extensive Anuradha Art Stylish Hair Clip (Blue) range. Click to see more.,#,http://img6a.flixcart.com/image/hair-accessory/c/f/s/zbf-35-1-anuradha-art-stylish-1100x1100-imaegg9d5ycgkwcf.jpeg
"Mega Deals on Areon Luxurious Fragrance Long Lasting Car,Home,...!","Areon Luxurious Fragrance Long Lasting Car,Home,...","Discover the latest trends in Areon Luxurious Fragrance Long Lasting Car,Home,.... Perfect for every occasion. Limited time offer!",#,http://img6a.flixcart.com/image/air-freshener/b/4/x/morning-dew-liquid-areon-35-luxurious-fragrance-long-lasting-car-1100x1100-imaegjanpn7g2y9d.jpeg
Exclusive Offers on Arial Morris Women Flats,Arial Morris Women Flats,Don't miss out on our exclusive offers for Arial Morris Women Flats. Shop now for the best quality and prices.,#,http://img5a.flixcart.com/image/sandal/b/b/b/beige-s19-arial-morris-40-original-imaehqqzhnjh9dkj.jpeg
Unlock Savings on Asics Gel-Cumulus 17 Running Shoes,Asics Gel-Cumulus 17 Running Shoes,Upgrade your lifestyle with our premium selection of Asics Gel-Cumulus 17 Running Shoes. Fast delivery available.,#,http://img5a.flixcart.com/image/shoe/7/x/a/island-blue-black-indigo-blue-asics-12-1000x1000-imaegdyh2awrm5vu.jpeg
Explore The Best Asics Gel-Kayano 22 Running Shoes,Asics Gel-Kayano 22 Running Shoes,Find exactly what you're looking for in our extensive Asics Gel-Kayano 22 Running Shoes range. Click to see more.,#,http://img6a.flixcart.com/image/shoe/z/j/y/red-pepper-black-flash-yellow-asics-12-original-imaegah8xekfxs5a.jpeg
Unlock Savings on Attitude Printed Women's Round Neck Black T-Shirt,Attitude Printed Women's Round Neck Black T-Shirt,Discover the latest trends in Attitude Printed Women's Round Neck Black T-Shirt. Perfect for every occasion. Limited time offer!,#,http://img6a.flixcart.com/image/t-shirt/j/u/h/blackbatwoman-attitude-xl-1000x1000-imaed7fkcmpr5t4t.jpeg
"Auraa Men's, Women's Solid No Show Socks: Up to 50% Off","Auraa Men's, Women's Solid No Show Socks","Don't miss out on our exclusive offers for Auraa Men's, Women's Solid No Show Socks. Shop now for the best quality and prices.",#,http://img5a.flixcart.com/image/sock/y/g/a/loafer-black-auraa-free-1000x1000-imaegwv8hgnv6xgu.jpeg
AutoKraftZ Optimum Locking Device For Bajaj Puls...: Up to 50% Off,AutoKraftZ Optimum Locking Device For Bajaj Puls...,Top-rated AutoKraftZ Optimum Locking Device For Bajaj Puls... just for you. Quality guaranteed. Explore our collection today!,#,http://img6a.flixcart.com/image/helmet-lock/r/g/h/optimum-locking-device-for-bmw-1200-autokraftz-1100x1100-imaedha73hd3vrhz.jpeg
Fresh Arrivals: Automation & Robotics Collection,Automation & Robotics,Discover the latest trends in Automation & Robotics. Perfect for every occasion. Limited time offer!,#,http://img6a.flixcart.com/image/smart-door-lock/b/x/n/ydr3110-yale-1100x1100-imaebgbqasas2axn.jpeg
Fresh Arrivals: Automotive Collection,Automotive,Find exactly what you're looking for in our extensive Automotive range. Click to see more.,#,http://img6a.flixcart.com/image/car-pressure-washer/k/f/5/car-washer-z1-zdelhi-com-1100x1100-imae848b27dfw39y.jpeg
Mega Deals on Autoplus M AP15 Arm Sleeve (Black)!,Autoplus M AP15 Arm Sleeve (Black),Top-rated Autoplus M AP15 Arm Sleeve (Black) just for you. Quality guaranteed. Explore our collection today!,#,http://img6a.flixcart.com/image/arm-sleeve/g/x/t/ap15-autoplus-m-1100x1100-imaehdj4kbjp7ght.jpeg
Explore The Best Autoplus M AP18 Arm Sleeve (Black),Autoplus M AP18 Arm Sleeve (Black),Discover the latest trends in Autoplus M AP18 Arm Sleeve (Black). Perfect for every occasion. Limited time offer!,#,http://img6a.flixcart.com/image/arm-sleeve/e/z/5/ap18-autoplus-m-1100x1100-imaehdjntthz6qgw.jpeg
Explore The Best BALAJI EXPORTS Bottled Wine Cooler (9 Bottles),BALAJI EXPORTS Bottled Wine Cooler (9 Bottles),Find exactly what you're looking for in our extensive BALAJI EXPORTS Bottled Wine Cooler (9 Bottles) range. Click to see more.,#,http://img6a.flixcart.com/image/wine-cooler/u/k/4/wnr002-balaji-exports-original-imaeh8p43bsapnhf.jpeg
Unlock Savings on BLM Casual Printed Women's Kurti,BLM Casual Printed Women's Kurti,Discover the latest trends in BLM Casual Printed Women's Kurti. Perfect for every occasion. Limited time offer!,#,http://img6a.flixcart.com/image/kurti/4/b/9/kc1030-blm-xxl-1000x1000-imae54bbgefbamdx.jpeg
Baby Care: Up to 50% Off,Baby Care,Don't miss out on our exclusive offers for Baby Care. Shop now for the best quality and prices.,#,http://img6a.flixcart.com/image/shrug/j/h/r/l1350-03-79-kushies-baby-0-3-months-1000x1000-imaehc8dxz9hzurm.jpeg
"Fresh Arrivals: Bags, Wallets & Belts Collection","Bags, Wallets & Belts","Don't miss out on our exclusive offers for Bags, Wallets & Belts. Shop now for the best quality and prices.",#,http://img6a.flixcart.com/image/suitcase/2/8/u/emzbg1dj-american-club-cabin-luggage-exclusivetrolleybag3cr-1000x1000-imaegdveynkypcyw.jpeg
Be 13 Printed Boy's Round Neck T-Shirt (Pack of 2): Up to 50% Off,Be 13 Printed Boy's Round Neck T-Shirt (Pack of 2),Upgrade your lifestyle with our premium selection of Be 13 Printed Boy's Round Neck T-Shirt (Pack of 2). Fast delivery available.,#,http://img6a.flixcart.com/image/t-shirt/6/z/g/13btcom795-1-be-13-4-5-years-1000x1000-imaehhtvzuzkhfrt.jpeg
Mega Deals on Beauty and Personal Care!,Beauty and Personal Care,Discover the latest trends in Beauty and Personal Care. Perfect for every occasion. Limited time offer!,#,http://img6a.flixcart.com/image/bath-essential-oil/x/h/e/allin-exporters-100-cumin-seed-oil-co2-extract-1100x1100-imaegwugwhdsxnw4.jpeg
Unlock Savings on Behringer Xenyx 502 Analog Sound Mixer,Behringer Xenyx 502 Analog Sound Mixer,Find exactly what you're looking for in our extensive Behringer Xenyx 502 Analog Sound Mixer range. Click to see more.,#,http://img6a.flixcart.com/image/sound-mixer/j/c/q/xenyx-502-behringer-1100x1100-imaehep2vzqppdnx.jpeg
Exclusive Offers on Bengal Blooms Rose Artificial Plant  with Pot (3...,Bengal Blooms Rose Artificial Plant  with Pot (3...,Upgrade your lifestyle with our premium selection of Bengal Blooms Rose Artificial Plant  with Pot (3.... Fast delivery available.,#,http://img5a.flixcart.com/image/artificial-plant/g/s/n/bbajc218-bengal-blooms-original-imaeg8ety3zfcnvw.jpeg
Mega Deals on Bootwale Bellies!,Bootwale Bellies,Top-rated Bootwale Bellies just for you. Quality guaranteed. Explore our collection today!,#,http://img6a.flixcart.com/image/shoe/f/m/e/brown-bl-289-bootwale-39-1000x1000-imaehyewmhtnxbxm.jpeg
Boreal Roller Brush: Up to 50% Off,Boreal Roller Brush,Find exactly what you're looking for in our extensive Boreal Roller Brush range. Click to see more.,#,http://img6a.flixcart.com/image/hair-brush/r/d/z/brush-2-boreal-roller-brush-original-imaehd7yrxcddskk.jpeg
Fresh Arrivals: Breakbounce Men's Vest Collection,Breakbounce Men's Vest,Find exactly what you're looking for in our extensive Breakbounce Men's Vest range. Click to see more.,#,http://img6a.flixcart.com/image/vest/h/x/u/manyaraclair-black-blue-breakbounce-xxl-1000x1000-imaeg4ywktwagfz2.jpeg
Mega Deals on BuildTrack PIR Wireless Motion Sensor - One Swit...!,BuildTrack PIR Wireless Motion Sensor - One Swit...,Don't miss out on our exclusive offers for BuildTrack PIR Wireless Motion Sensor - One Swit.... Shop now for the best quality and prices.,#,http://img6a.flixcart.com/image/sensor-security-system/f/f/y/pir-wireless-motion-sensor-four-switch-control-buildtrack-original-imaehdg6h6zajg7w.jpeg
Fresh Arrivals: COIRFIT Single Coir Mattress Collection,COIRFIT Single Coir Mattress,Discover the latest trends in COIRFIT Single Coir Mattress. Perfect for every occasion. Limited time offer!,#,http://img5a.flixcart.com/image/bed-mattress/b/z/4/tcplddm-1829-1829-115-coirfit-coir-1100x1100-imaegf9zgbh6jqxx.jpeg
Fresh Arrivals: Cameras & Accessories Collection,Cameras & Accessories,Top-rated Cameras & Accessories just for you. Quality guaranteed. Explore our collection today!,#,http://img5a.flixcart.com/image/lens/wide-angle-lens/k/e/x/polaroid-43x-hd-wide-angle-lens-58mm-1100x1100-imaehyw5y2kwgsuv.jpeg
Exclusive Offers on Camey Men's Quarter Length Socks,Camey Men's Quarter Length Socks,Top-rated Camey Men's Quarter Length Socks just for you. Quality guaranteed. Explore our collection today!,#,http://img5a.flixcart.com/image/sock/4/d/3/92-g4he-mokn-camey-free-original-imaehdd266smkqh8.jpeg
Explore The Best Car vastra 1pcs Car Vastra Honda Beige Backrest ...,Car vastra 1pcs Car Vastra Honda Beige Backrest ...,Top-rated Car vastra 1pcs Car Vastra Honda Beige Backrest ... just for you. Quality guaranteed. Explore our collection today!,#,http://img6a.flixcart.com/image/massager/u/z/h/car-vastra-car-vastra-honda-beige-backrest-1pcs-1100x1100-imaeha43gvdqhcag.jpeg
Exclusive Offers on Carbanao Chrome Grill Chevrolet Cruze Car Grill ...,Carbanao Chrome Grill Chevrolet Cruze Car Grill ...,Don't miss out on our exclusive offers for Carbanao Chrome Grill Chevrolet Cruze Car Grill .... Shop now for the best quality and prices.,#,http://img6a.flixcart.com/image/car-grill-cover/c/u/g/chrome-grill-carbanao-1100x1100-imaeebn3fksdbuy8.jpeg
Fresh Arrivals: Cellbazaar Blackberry 8520 WHITE LCD LCD (YIT-562) Collection,Cellbazaar Blackberry 8520 WHITE LCD LCD (YIT-562),Top-rated Cellbazaar Blackberry 8520 WHITE LCD LCD (YIT-562) just for you. Quality guaranteed. Explore our collection today!,#,http://img5a.flixcart.com/image/mobile-display/n/g/j/yit-562-cellbazaar-1100x1100-imaeg9afcwcyzrgw.jpeg
Unlock Savings on Clickforsign Vehicles parked Illegally will be t...,Clickforsign Vehicles parked Illegally will be t...,Upgrade your lifestyle with our premium selection of Clickforsign Vehicles parked Illegally will be t.... Fast delivery available.,#,http://img5a.flixcart.com/image/emergency-sign/h/h/w/osh-ns-31-sb-big-clickforsign-1100x1100-imaecqqtycjfdg3d.jpeg
Mega Deals on Clothing!,Clothing,Find exactly what you're looking for in our extensive Clothing range. Click to see more.,#,http://img5a.flixcart.com/image/blazer/y/b/p/bp-edgar2-gneq06l-blackberrys-46-1000x1000-imaehj4n5ju7fqzg.jpeg
Clovia Lingerie Set: Up to 50% Off,Clovia Lingerie Set,Don't miss out on our exclusive offers for Clovia Lingerie Set. Shop now for the best quality and prices.,#,http://img5a.flixcart.com/image/lingerie-set/w/x/m/na-na-bp0153c04-clovia-30b-original-imaeh9vftxqshksw.jpeg
Exclusive Offers on Clovia Women's Full Coverage Bra,Clovia Women's Full Coverage Bra,Don't miss out on our exclusive offers for Clovia Women's Full Coverage Bra. Shop now for the best quality and prices.,#,http://img6a.flixcart.com/image/bra/5/7/c/br0226p14-clovia-32c-original-imaegkg29nyvnhfh.jpeg
Explore The Best Clovia Women's Plunge Bra,Clovia Women's Plunge Bra,Top-rated Clovia Women's Plunge Bra just for you. Quality guaranteed. Explore our collection today!,#,http://img5a.flixcart.com/image/bra/k/q/h/br0347p04-clovia-34c-original-imaed7g8t3ucztc7.jpeg
Explore The Best Clovia Women's T-Shirt Bra,Clovia Women's T-Shirt Bra,Find exactly what you're looking for in our extensive Clovia Women's T-Shirt Bra range. Click to see more.,#,http://img5a.flixcart.com/image/bra/h/m/g/brf237p04-clovia-42c-original-imaegjd3zkedmtrd.jpeg
Explore The Best Computers,Computers,Find exactly what you're looking for in our extensive Computers range. Click to see more.,#,http://img6a.flixcart.com/image/router/y/n/p/vodafone-r206-i-1100x1100-imaeay2yqwhe9xxz.jpeg
Exclusive Offers on Corcepts Universal Tablet HD Ultra Clear Transpa...,Corcepts Universal Tablet HD Ultra Clear Transpa...,Upgrade your lifestyle with our premium selection of Corcepts Universal Tablet HD Ultra Clear Transpa.... Fast delivery available.,#,http://img5a.flixcart.com/image/screen-guard/tempered-glass/c/7/d/corcepts-universal-tablet-hd-ultra-clear-transparency-guard-1100x1100-imaehm7eynzuyqgx.jpeg
Explore The Best Crafty Hands Kutchchi Mirrorwork Tapestry (Maroon),Crafty Hands Kutchchi Mirrorwork Tapestry (Maroon),Don't miss out on our exclusive offers for Crafty Hands Kutchchi Mirrorwork Tapestry (Maroon). Shop now for the best quality and prices.,#,http://img5a.flixcart.com/image/tapestry/z/2/x/wh-tm-16-17-crafty-hands-original-imaeggazyhdmdhzw.jpeg
D&D Women Flats: Up to 50% Off,D&D Women Flats,Upgrade your lifestyle with our premium selection of D&D Women Flats. Fast delivery available.,#,http://img5a.flixcart.com/image/sandal/m/r/h/black-dd1001-d-d-44-original-imaegghgpcep7cdc.jpeg
Explore The Best Dassler Slim Fit Women's Multicolor Jeans,Dassler Slim Fit Women's Multicolor Jeans,Don't miss out on our exclusive offers for Dassler Slim Fit Women's Multicolor Jeans. Shop now for the best quality and prices.,#,http://img6a.flixcart.com/image/jean/a/9/3/rdt1022-23-24-10-dassler-32-original-imaef5hactgwh4gp.jpeg
Fresh Arrivals: Dilan Jewels Alloy Zircon 18K Yellow Gold Bangle... Collection,Dilan Jewels Alloy Zircon 18K Yellow Gold Bangle...,Discover the latest trends in Dilan Jewels Alloy Zircon 18K Yellow Gold Bangle.... Perfect for every occasion. Limited time offer!,#,http://img5a.flixcart.com/image/bangle-bracelet-armlet/s/8/k/lovablebangles2-4-2-4-dilan-jewels-2-original-imaegf92mwpukuhz.jpeg
Unlock Savings on Dolz Slim Fit Fit Women's Brown Jeans,Dolz Slim Fit Fit Women's Brown Jeans,Discover the latest trends in Dolz Slim Fit Fit Women's Brown Jeans. Perfect for every occasion. Limited time offer!,#,http://img6a.flixcart.com/image/jean/r/q/g/wrjufff-59-dolz-30-original-imaech8dnythcdys.jpeg
Exclusive Offers on Dremel 2615.023.132 Plastic Friction Work Bench ...,Dremel 2615.023.132 Plastic Friction Work Bench ...,Discover the latest trends in Dremel 2615.023.132 Plastic Friction Work Bench .... Perfect for every occasion. Limited time offer!,#,http://img5a.flixcart.com/image/tool-cabinet/2/b/h/2615-023-132-dremel-1100x1100-imaehjxfz2pa7dhr.jpeg
Explore The Best Dressberry Black Synthetic  Clutch,Dressberry Black Synthetic  Clutch,Don't miss out on our exclusive offers for Dressberry Black Synthetic  Clutch. Shop now for the best quality and prices.,#,http://img6a.flixcart.com/image/clutch/t/q/3/1128504-dressberry-clutch-premium-original-imaehdjfhgg4dhze.jpeg
Unlock Savings on Dressberry Gold Synthetic  Clutch,Dressberry Gold Synthetic  Clutch,Discover the latest trends in Dressberry Gold Synthetic  Clutch. Perfect for every occasion. Limited time offer!,#,http://img5a.flixcart.com/image/clutch/n/f/2/1128518-dressberry-clutch-premium-original-imaehdjfcjn8eqwx.jpeg
Dressberry Green Synthetic  Clutch: Up to 50% Off,Dressberry Green Synthetic  Clutch,Upgrade your lifestyle with our premium selection of Dressberry Green Synthetic  Clutch. Fast delivery available.,#,http://img5a.flixcart.com/image/clutch/h/k/r/1128513-dressberry-clutch-premium-original-imaehdjf3zspscgf.jpeg
Unlock Savings on Dressberry Orange Synthetic  Clutch,Dressberry Orange Synthetic  Clutch,Find exactly what you're looking for in our extensive Dressberry Orange Synthetic  Clutch range. Click to see more.,#,http://img6a.flixcart.com/image/clutch/u/g/s/1128511-dressberry-clutch-premium-original-imaehdjfyuyzzyhk.jpeg
Exclusive Offers on E'Hiose Girl's Leggings (Pack of 6),E'Hiose Girl's Leggings (Pack of 6),Discover the latest trends in E'Hiose Girl's Leggings (Pack of 6). Perfect for every occasion. Limited time offer!,#,http://img5a.flixcart.com/image/legging-jegging/f/u/p/flvr398-e-hiose-12-13-years-original-imaees4yhexxsedb.jpeg
Exclusive Offers on EASIES Solid Single Breasted Casual Men's Blazer,EASIES Solid Single Breasted Casual Men's Blazer,Discover the latest trends in EASIES Solid Single Breasted Casual Men's Blazer. Perfect for every occasion. Limited time offer!,#,http://img6a.flixcart.com/image/blazer/r/f/s/ej-306-bijou-fsblzr-brw-easies-3xl-original-imaehk4sgpfadcrf.jpeg
Unlock Savings on Escan Lace Up,Escan Lace Up,Upgrade your lifestyle with our premium selection of Escan Lace Up. Fast delivery available.,#,http://img5a.flixcart.com/image/shoe/h/a/n/white-yoes770384-3-escan-9-1000x1000-imaefec5shq2g5qf.jpeg
Eternal Gandhi Super Series Crystal Paper Weight...: Up to 50% Off,Eternal Gandhi Super Series Crystal Paper Weight...,Upgrade your lifestyle with our premium selection of Eternal Gandhi Super Series Crystal Paper Weight.... Fast delivery available.,#,http://img5a.flixcart.com/image/paper-weight/u/e/3/eternal-gandhi-gandhi-paper-weight-mark-v-1100x1100-imaeb8adyf3xmqhf.jpeg
Exclusive Offers on Eyewear,Eyewear,Top-rated Eyewear just for you. Quality guaranteed. Explore our collection today!,#,http://img5a.flixcart.com/image/frame/y/5/z/ts-tr-9009-c1-ted-smith-52-original-imaegwqqh8hv6xns.jpeg
Explore The Best FEET FLOW Women Flats,FEET FLOW Women Flats,Upgrade your lifestyle with our premium selection of FEET FLOW Women Flats. Fast delivery available.,#,http://img6a.flixcart.com/image/sandal/q/m/c/gold-ff6-feet-flow-41-original-imaeggevwqmhkayr.jpeg
Mega Deals on FIFO Bottom Women's  Combo!,FIFO Bottom Women's  Combo,Discover the latest trends in FIFO Bottom Women's  Combo. Perfect for every occasion. Limited time offer!,#,http://img5a.flixcart.com/image/apparels-combo/h/e/f/fifo-csd-plzo-a-12-trg-a-6-trg-b-5-fifo-original-imaehe7hmst56thf.jpeg
Unlock Savings on Fabpoppy Printed Women's Jumpsuit,Fabpoppy Printed Women's Jumpsuit,Upgrade your lifestyle with our premium selection of Fabpoppy Printed Women's Jumpsuit. Fast delivery available.,#,http://img5a.flixcart.com/image/jumpsuit/5/k/4/f1234-fabpoppy-m-1000x1000-imaehgvderty3new.jpeg
Unlock Savings on Favourite BikerZ 3514 RAD air filter Ionic Air F...,Favourite BikerZ 3514 RAD air filter Ionic Air F...,Don't miss out on our exclusive offers for Favourite BikerZ 3514 RAD air filter Ionic Air F.... Shop now for the best quality and prices.,#,http://img6a.flixcart.com/image/vehicle-air-filter/u/u/3/3567-rad-air-filter-favourite-bikerz-1100x1100-imaehmgnzqpr2ngh.jpeg
"Fresh Arrivals: Firangi Cotton, Polyester Free Floor Mat Firangi... Collection","Firangi Cotton, Polyester Free Floor Mat Firangi...","Upgrade your lifestyle with our premium selection of Firangi Cotton, Polyester Free Floor Mat Firangi.... Fast delivery available.",#,http://img5a.flixcart.com/image/mat/e/a/n/fr-mt-c1017017-firangi-firangi-decorative-loopy-door-mat-free-1100x1100-imae42grxzf5rath.jpeg
Explore The Best Fly U Slim Fit Fit Women's Brown Jeans,Fly U Slim Fit Fit Women's Brown Jeans,Upgrade your lifestyle with our premium selection of Fly U Slim Fit Fit Women's Brown Jeans. Fast delivery available.,#,http://img6a.flixcart.com/image/jean/r/q/g/wrjufff-59-dolz-30-original-imaech8dnythcdys.jpeg
Unlock Savings on Food & Nutrition,Food & Nutrition,Don't miss out on our exclusive offers for Food & Nutrition. Shop now for the best quality and prices.,#,http://img6a.flixcart.com/image/protein-supplement/y/v/g/10036-unflavor-proence-60-1100x1100-imaeav4hmyxxm59m.jpeg
Unlock Savings on Foot Candy Women Flats,Foot Candy Women Flats,Discover the latest trends in Foot Candy Women Flats. Perfect for every occasion. Limited time offer!,#,http://img6a.flixcart.com/image/sandal/5/h/m/black-d01671-1-foot-candy-40-original-imaeggmah6yfgnzs.jpeg
Unlock Savings on Footwear,Footwear,Don't miss out on our exclusive offers for Footwear. Shop now for the best quality and prices.,#,http://img6a.flixcart.com/image/shoe/z/j/z/bro-rialto-a1026-rialto-39-original-imaecxngqx26r9yb.jpeg
Explore The Best Frabjous German silver Rings For Women Alloy Zir...,Frabjous German silver Rings For Women Alloy Zir...,Discover the latest trends in Frabjous German silver Rings For Women Alloy Zir.... Perfect for every occasion. Limited time offer!,#,http://img5a.flixcart.com/image/ring/s/m/h/tr-608-free-size-frabjous-toe-ring-1100x1100-imaef45egnhpbzg5.jpeg
Mega Deals on Furniture!,Furniture,Top-rated Furniture just for you. Quality guaranteed. Explore our collection today!,#,http://img6a.flixcart.com/image/sofa-sectional/p/n/x/clinton-a-3-plywood-durian-beige-beige-original-imae93qf5gac5srz.jpeg
Explore The Best GALLOWAY skinny Fit Women's Jeans,GALLOWAY skinny Fit Women's Jeans,Find exactly what you're looking for in our extensive GALLOWAY skinny Fit Women's Jeans range. Click to see more.,#,http://img5a.flixcart.com/image/jean/v/q/3/gall-1016-17-21-32-galloway-32-original-imaef5h8tnhbuh5t.jpeg
Fresh Arrivals: GM Power mate 4 Strip Surge Protector (White) Collection,GM Power mate 4 Strip Surge Protector (White),Upgrade your lifestyle with our premium selection of GM Power mate 4 Strip Surge Protector (White). Fast delivery available.,#,http://img5a.flixcart.com/image/surge-protector/z/q/z/power-mate-gm-1100x1100-imaehm3ukhahaqg6.jpeg
Fresh Arrivals: Gaming Collection,Gaming,Don't miss out on our exclusive offers for Gaming. Shop now for the best quality and prices.,#,http://img6a.flixcart.com/image/headset/a/7/q/steelseries-siberia-200-original-imaegwm9tuzryfhh.jpeg
Exclusive Offers on Gking Hand Stiched Steering Cover For Maruti Ert...,Gking Hand Stiched Steering Cover For Maruti Ert...,Upgrade your lifestyle with our premium selection of Gking Hand Stiched Steering Cover For Maruti Ert.... Fast delivery available.,#,http://img5a.flixcart.com/image/car-steering-cover/d/z/5/xcent-gking-1100x1100-imaehqtvfhyssm9h.jpeg
Unlock Savings on Gking Hand Stiched Steering Cover For Renault Sc...,Gking Hand Stiched Steering Cover For Renault Sc...,Top-rated Gking Hand Stiched Steering Cover For Renault Sc... just for you. Quality guaranteed. Explore our collection today!,#,http://img5a.flixcart.com/image/car-steering-cover/d/z/5/xcent-gking-1100x1100-imaehqtvfhyssm9h.jpeg
Exclusive Offers on Glacier Running Shoes,Glacier Running Shoes,Don't miss out on our exclusive offers for Glacier Running Shoes. Shop now for the best quality and prices.,#,http://img6a.flixcart.com/image/shoe/c/s/v/white-gl-galaxy-5-glacier-9-original-imaefp8hkszjbvnq.jpeg
Fresh Arrivals: HANS Men's Crew Length Socks Collection,HANS Men's Crew Length Socks,Find exactly what you're looking for in our extensive HANS Men's Crew Length Socks range. Click to see more.,#,http://img5a.flixcart.com/image/sock/t/f/4/hsmsc-brn-hans-free-original-imaeggespnhwhhyw.jpeg
Health & Personal Care Appliances: Up to 50% Off,Health & Personal Care Appliances,Discover the latest trends in Health & Personal Care Appliances. Perfect for every occasion. Limited time offer!,#,http://img5a.flixcart.com/image/hair-dryer-bonnet/f/n/d/74108276704-babylisspro-1100x1100-imaee885g5pu6h5h.jpeg
Explore The Best Himmlisch 20503 Car Bottle Holder (Plastic),Himmlisch 20503 Car Bottle Holder (Plastic),Find exactly what you're looking for in our extensive Himmlisch 20503 Car Bottle Holder (Plastic) range. Click to see more.,#,http://img6a.flixcart.com/image/car-bottle-holder/r/c/z/20494-himmlisch-1100x1100-imaejmv9y4fwhbcw.jpeg
Mega Deals on Home & Kitchen!,Home & Kitchen,Don't miss out on our exclusive offers for Home & Kitchen. Shop now for the best quality and prices.,#,http://img5a.flixcart.com/image/mixer-grinder-juicer/g/g/u/boss-prince-1100x1100-imaehmyrn3qjugfa.jpeg
Exclusive Offers on Home Decor & Festive Needs,Home Decor & Festive Needs,Top-rated Home Decor & Festive Needs just for you. Quality guaranteed. Explore our collection today!,#,http://img6a.flixcart.com/image/painting/4/2/q/am543514-gaga-1100x1100-imaeguj4cb3ekgnu.jpeg
Mega Deals on Home Entertainment!,Home Entertainment,Top-rated Home Entertainment just for you. Quality guaranteed. Explore our collection today!,#,http://img5a.flixcart.com/image/home-theatre-system/x/v/z/dh313os-lg-1100x1100-imaedgzhhcgmrsmf.jpeg
Home Furnishing: Up to 50% Off,Home Furnishing,Top-rated Home Furnishing just for you. Quality guaranteed. Explore our collection today!,#,http://img5a.flixcart.com/image/blanket/z/r/g/double-blanket-raymond-double-blanket-original-imaearkjj7x3zhcp.jpeg
Home Improvement: Up to 50% Off,Home Improvement,Upgrade your lifestyle with our premium selection of Home Improvement. Fast delivery available.,#,http://img6a.flixcart.com/image/electrical-switch/h/a/2/101-reins-original-imae6my7unct9fzf.jpeg
Unlock Savings on Household Supplies,Household Supplies,Top-rated Household Supplies just for you. Quality guaranteed. Explore our collection today!,#,http://img6a.flixcart.com/image/kitchen-surface-cleaner/q/n/z/whirlpool-450-stainless-steel-1100x1100-imaeg78hbwnzue2w.jpeg
Fresh Arrivals: INDILEGO Women Flats Collection,INDILEGO Women Flats,Top-rated INDILEGO Women Flats just for you. Quality guaranteed. Explore our collection today!,#,http://img5a.flixcart.com/image/sandal/a/m/y/red-slfred75-indilego-37-original-imaegfjffgmcmzqd.jpeg
Fresh Arrivals: INVENTURE RETAIL Nail Cutter Collection,INVENTURE RETAIL Nail Cutter,Don't miss out on our exclusive offers for INVENTURE RETAIL Nail Cutter. Shop now for the best quality and prices.,#,http://img5a.flixcart.com/image/nail-clipper-cutter/n/d/d/cliper-inventure-retail-nail-cutter-1100x1100-imaehzfxbfrkpe3g.jpeg
Impala Alloy Cufflink (White): Up to 50% Off,Impala Alloy Cufflink (White),Discover the latest trends in Impala Alloy Cufflink (White). Perfect for every occasion. Limited time offer!,#,http://img6a.flixcart.com/image/cufflink-tie-pin/e/u/z/imcu001doctorstetoscopeblkph-impala-cufflink-doctor-stetoscope-original-imaeggck97cduta5.jpeg
Indistar Self Design Viscose Women's Stole: Up to 50% Off,Indistar Self Design Viscose Women's Stole,Don't miss out on our exclusive offers for Indistar Self Design Viscose Women's Stole. Shop now for the best quality and prices.,#,http://img6a.flixcart.com/image/scarf/g/5/f/80325-iw-st-indistar-free-1000x1000-imaehdd2cdzdbjpq.jpeg
Mega Deals on JUSF2 Black Color Hair Band (Multicolor)!,JUSF2 Black Color Hair Band (Multicolor),Find exactly what you're looking for in our extensive JUSF2 Black Color Hair Band (Multicolor) range. Click to see more.,#,http://img6a.flixcart.com/image/hair-accessory/r/k/d/jf2hb005-1-jusf2-black-color-original-imaehkwckb2zgfck.jpeg
Fresh Arrivals: Jazz Eyewears Over-sized Sunglasses Collection,Jazz Eyewears Over-sized Sunglasses,Upgrade your lifestyle with our premium selection of Jazz Eyewears Over-sized Sunglasses. Fast delivery available.,#,http://img5a.flixcart.com/image/sunglass/m/d/f/bx11blk-jazz-eyewears-m-1100x1100-imaeg9gzschwwbwc.jpeg
Unlock Savings on Jewellery,Jewellery,Discover the latest trends in Jewellery. Perfect for every occasion. Limited time offer!,#,http://img5a.flixcart.com/image/ring/h/8/u/bar3119-cz-y-12-12-ciemme-ring-original-imae9kbq9yxgrt8h.jpeg
"Unlock Savings on Joyra Heart Sterling Silver Swarovski Crystal, S...","Joyra Heart Sterling Silver Swarovski Crystal, S...","Find exactly what you're looking for in our extensive Joyra Heart Sterling Silver Swarovski Crystal, S... range. Click to see more.",#,http://img6a.flixcart.com/image/ring/j/n/r/bzr262-12-joyra-ring-1100x1100-imaegcyav66ahkvs.jpeg
Explore The Best Just Wow Women Flats,Just Wow Women Flats,Don't miss out on our exclusive offers for Just Wow Women Flats. Shop now for the best quality and prices.,#,http://img6a.flixcart.com/image/sandal/y/e/d/black-white-jw1096-just-wow-39-1000x1000-imaegfdrvwydzfth.jpeg
K&P Dr.Ambedkar Large 04 Showpiece  -  19 cm (Po...: Up to 50% Off,K&P Dr.Ambedkar Large 04 Showpiece  -  19 cm (Po...,Discover the latest trends in K&P Dr.Ambedkar Large 04 Showpiece  -  19 cm (Po.... Perfect for every occasion. Limited time offer!,#,http://img6a.flixcart.com/image/showpiece-figurine/t/u/r/cml401-k-p-original-imaehgs9tykmb32g.jpeg
Mega Deals on K&P Lord Ganesha Large 03 Showpiece  -  19 cm (P...!,K&P Lord Ganesha Large 03 Showpiece  -  19 cm (P...,Don't miss out on our exclusive offers for K&P Lord Ganesha Large 03 Showpiece  -  19 cm (P.... Shop now for the best quality and prices.,#,http://img6a.flixcart.com/image/showpiece-figurine/w/f/e/cml301-k-p-original-imaehgs9bpd8uhzc.jpeg
"Kalpaveda Copper Bowl (Gold, Pack of 1): Up to 50% Off","Kalpaveda Copper Bowl (Gold, Pack of 1)","Don't miss out on our exclusive offers for Kalpaveda Copper Bowl (Gold, Pack of 1). Shop now for the best quality and prices.",#,http://img5a.flixcart.com/image/bowl/z/z/z/80023007946886-kalpaveda-80023007946886-1100x1100-imaehxamr3xqhhvf.jpeg
Kanvas Bellies: Up to 50% Off,Kanvas Bellies,Discover the latest trends in Kanvas Bellies. Perfect for every occasion. Limited time offer!,#,http://img5a.flixcart.com/image/shoe/3/v/8/blue-gg0002-kanvas-40-original-imaehyevxvv3u26k.jpeg
Fresh Arrivals: Kitchen & Dining Collection,Kitchen & Dining,Discover the latest trends in Kitchen & Dining. Perfect for every occasion. Limited time offer!,#,http://img6a.flixcart.com/image/glass/a/u/a/10405-02-luigi-bormioli-original-imaeeadkwuq5apsb.jpeg
Kittens Boys Flats: Up to 50% Off,Kittens Boys Flats,Don't miss out on our exclusive offers for Kittens Boys Flats. Shop now for the best quality and prices.,#,http://img6a.flixcart.com/image/sandal/z/d/5/navy-ktb143-kittens-24-original-imaeha7ngtbh43pq.jpeg
Unlock Savings on Klaur Melbourne Bellies,Klaur Melbourne Bellies,Don't miss out on our exclusive offers for Klaur Melbourne Bellies. Shop now for the best quality and prices.,#,http://img6a.flixcart.com/image/shoe/j/d/f/red-nu-288-klaur-melbourne-40-original-imaehxhunzej7p2k.jpeg
"Knight Ace Kraasa Sports Running Shoes, Cycling ...: Up to 50% Off","Knight Ace Kraasa Sports Running Shoes, Cycling ...","Top-rated Knight Ace Kraasa Sports Running Shoes, Cycling ... just for you. Quality guaranteed. Explore our collection today!",#,http://img6a.flixcart.com/image/shoe/k/u/x/white-sports7006-knight-ace-10-original-imaehe55fpszmt6w.jpeg
Unlock Savings on Koie  Battery - For Samsung 7562 Premium Quality...,Koie  Battery - For Samsung 7562 Premium Quality...,Top-rated Koie  Battery - For Samsung 7562 Premium Quality... just for you. Quality guaranteed. Explore our collection today!,#,http://img5a.flixcart.com/image/battery/lithium-ion/d/p/q/koie-for-samsung-7562-premium-quality-1100x1100-imaeawyhwpvcgau8.jpeg
"Kombee Girl's Printed Red, Pink Top & Capri Set: Up to 50% Off","Kombee Girl's Printed Red, Pink Top & Capri Set","Upgrade your lifestyle with our premium selection of Kombee Girl's Printed Red, Pink Top & Capri Set. Fast delivery available.",#,http://img5a.flixcart.com/image/night-suit/h/u/u/capri-set-143-kombee-8-9-years-original-imaegfyexkgshbyc.jpeg
Exclusive Offers on Kraft Seeds Dill Herb Seed (50 per packet),Kraft Seeds Dill Herb Seed (50 per packet),Discover the latest trends in Kraft Seeds Dill Herb Seed (50 per packet). Perfect for every occasion. Limited time offer!,#,http://img5a.flixcart.com/image/plant-seed/h/h/m/kraft-seeds-50-dill-herb-1100x1100-imaehfg5pjvgzrmm.jpeg
Exclusive Offers on Kraft Seeds Rosemary Herb (Pack Of 5) Seed (75 p...,Kraft Seeds Rosemary Herb (Pack Of 5) Seed (75 p...,Don't miss out on our exclusive offers for Kraft Seeds Rosemary Herb (Pack Of 5) Seed (75 p.... Shop now for the best quality and prices.,#,http://img5a.flixcart.com/image/plant-seed/w/h/m/kraft-seeds-10-organic-rosemary-herb-1100x1100-imaehfg56jkhagzj.jpeg
Kraft Seeds Thyme Herbs Seed (200 per packet): Up to 50% Off,Kraft Seeds Thyme Herbs Seed (200 per packet),Don't miss out on our exclusive offers for Kraft Seeds Thyme Herbs Seed (200 per packet). Shop now for the best quality and prices.,#,http://img5a.flixcart.com/image/plant-seed/y/w/z/kraft-seeds-400-thyme-herb-pack-of-2-1100x1100-imaehfg4utwzyfzr.jpeg
LGRL Women's Leggings: Up to 50% Off,LGRL Women's Leggings,Discover the latest trends in LGRL Women's Leggings. Perfect for every occasion. Limited time offer!,#,http://img6a.flixcart.com/image/legging-jegging/n/m/p/c1-lgrl-xxl-original-imaegjdgxxcj8gcy.jpeg
Explore The Best Laser X Checkered Men's Boxer (Pack of 4),Laser X Checkered Men's Boxer (Pack of 4),Upgrade your lifestyle with our premium selection of Laser X Checkered Men's Boxer (Pack of 4). Fast delivery available.,#,http://img5a.flixcart.com/image/boxer/g/h/n/bx-304-44-laser-x-34-1000x1000-imaegcp2fjv5xtzc.jpeg
Unlock Savings on Leading lady Women's Camisole,Leading lady Women's Camisole,Don't miss out on our exclusive offers for Leading lady Women's Camisole. Shop now for the best quality and prices.,#,http://img5a.flixcart.com/image/camisole-slip/r/a/w/sara-blk-white-leading-lady-xl-original-imaehezvbbmzeeke.jpeg
Exclusive Offers on Legmark Slim Fit Women's Blue Jeans,Legmark Slim Fit Women's Blue Jeans,Don't miss out on our exclusive offers for Legmark Slim Fit Women's Blue Jeans. Shop now for the best quality and prices.,#,http://img5a.flixcart.com/image/jean/x/z/r/34311dblu-legmark-32-original-imaehqpx5pkaqsmh.jpeg
Mega Deals on Legmark Slim Fit Women's Light Blue Jeans!,Legmark Slim Fit Women's Light Blue Jeans,Find exactly what you're looking for in our extensive Legmark Slim Fit Women's Light Blue Jeans range. Click to see more.,#,http://img6a.flixcart.com/image/jean/e/b/u/34311lblu-legmark-34-original-imaehqpxmsmhbsmn.jpeg
Libas Printed Women's A-line Kurta: Up to 50% Off,Libas Printed Women's A-line Kurta,Find exactly what you're looking for in our extensive Libas Printed Women's A-line Kurta range. Click to see more.,#,http://img6a.flixcart.com/image/kurta/s/h/f/2438-red-libas-l-original-imaegfjeygyapnsr.jpeg
Unlock Savings on Libas Printed Women's Anarkali Kurta,Libas Printed Women's Anarkali Kurta,Discover the latest trends in Libas Printed Women's Anarkali Kurta. Perfect for every occasion. Limited time offer!,#,http://img6a.flixcart.com/image/kurta/q/d/m/2422-beige-libas-xxl-original-imaegfjeybmdzcfy.jpeg
Exclusive Offers on Lilliput Top Baby Girl's  Combo,Lilliput Top Baby Girl's  Combo,Top-rated Lilliput Top Baby Girl's  Combo just for you. Quality guaranteed. Explore our collection today!,#,http://img6a.flixcart.com/image/apparels-combo/q/5/j/110002075-lilliput-original-imaehd8n4sntbtcr.jpeg
Mega Deals on Linzina Fashions LIN-HOSS-1.5 Faucet Set!,Linzina Fashions LIN-HOSS-1.5 Faucet Set,Upgrade your lifestyle with our premium selection of Linzina Fashions LIN-HOSS-1.5 Faucet Set. Fast delivery available.,#,http://img5a.flixcart.com/image/faucet-set/5/j/5/lin-hoss-1-5-linzina-fashions-1100x1100-imaeggsve5eh5eje.jpeg
Fresh Arrivals: Little Stars Girl's A-line Multicolor Dress Collection,Little Stars Girl's A-line Multicolor Dress,Find exactly what you're looking for in our extensive Little Stars Girl's A-line Multicolor Dress range. Click to see more.,#,http://img5a.flixcart.com/image/dress/z/e/7/2520yellow-little-stars-6-7-years-original-imaegbw2eahhtnh6.jpeg
Unlock Savings on LondonHouze Printed Women's Round Neck Grey T-Shirt,LondonHouze Printed Women's Round Neck Grey T-Shirt,Discover the latest trends in LondonHouze Printed Women's Round Neck Grey T-Shirt. Perfect for every occasion. Limited time offer!,#,http://img6a.flixcart.com/image/t-shirt/a/g/d/lh99300-londonhouze-l-original-imaegg8bhpk7gypn.jpeg
"Fresh Arrivals: Lucky Thailand GL/ LG30 Glass (300 ml, Clear, Pa... Collection","Lucky Thailand GL/ LG30 Glass (300 ml, Clear, Pa...","Top-rated Lucky Thailand GL/ LG30 Glass (300 ml, Clear, Pa... just for you. Quality guaranteed. Explore our collection today!",#,http://img5a.flixcart.com/image/glass/f/k/j/gl-lg30-glass-lucky-thailand-1100x1100-imaehm93bq7g2zxt.jpeg
Mega Deals on MASARA Solid Women's Straight Kurta!,MASARA Solid Women's Straight Kurta,Find exactly what you're looking for in our extensive MASARA Solid Women's Straight Kurta range. Click to see more.,#,http://img6a.flixcart.com/image/kurta/x/g/k/m002pcotredgar-masara-xxl-original-imaeheqb9kx26gqg.jpeg
Mega Deals on Mast & Harbour Black Synthetic  Clutch!,Mast & Harbour Black Synthetic  Clutch,Find exactly what you're looking for in our extensive Mast & Harbour Black Synthetic  Clutch range. Click to see more.,#,http://img6a.flixcart.com/image/clutch/u/m/m/1118095-mast-harbour-clutch-premium-original-imaehdjfnkvbmghk.jpeg
Explore The Best Mast & Harbour Gold Synthetic  Clutch,Mast & Harbour Gold Synthetic  Clutch,Discover the latest trends in Mast & Harbour Gold Synthetic  Clutch. Perfect for every occasion. Limited time offer!,#,http://img6a.flixcart.com/image/clutch/7/a/n/1118096-mast-harbour-clutch-premium-original-imaehdjfkdgh2zev.jpeg
Explore The Best Miss Wow Slim Fit Women's Blue Jeans,Miss Wow Slim Fit Women's Blue Jeans,Discover the latest trends in Miss Wow Slim Fit Women's Blue Jeans. Perfect for every occasion. Limited time offer!,#,http://img6a.flixcart.com/image/jean/t/y/6/blu1066-miss-wow-36-original-imaegbx8x4h4g8sb.jpeg
Mobiles & Accessories: Up to 50% Off,Mobiles & Accessories,Upgrade your lifestyle with our premium selection of Mobiles & Accessories. Fast delivery available.,#,http://img5a.flixcart.com/image/headphone/r/9/c/radius-earbuds-radheadphones-hp-rhf41p-1100x1100-imaeexb6hzk8etzc.jpeg
NEWGEN TECH EO-HS3303 179 Wired Headset (White): Up to 50% Off,NEWGEN TECH EO-HS3303 179 Wired Headset (White),Discover the latest trends in NEWGEN TECH EO-HS3303 179 Wired Headset (White). Perfect for every occasion. Limited time offer!,#,http://img6a.flixcart.com/image/headset/s/z/z/newgen-tech-eo-hs3303-195-1100x1100-imaebzqxsugjbtzx.jpeg
Explore The Best NEWGEN TECH EO-HS3303 218 Wired Headset (White),NEWGEN TECH EO-HS3303 218 Wired Headset (White),Don't miss out on our exclusive offers for NEWGEN TECH EO-HS3303 218 Wired Headset (White). Shop now for the best quality and prices.,#,http://img5a.flixcart.com/image/headset/a/a/h/newgen-tech-eo-hs3303-244-1100x1100-imaegq8zgxxurvuf.jpeg
Unlock Savings on NEWGEN TECH EO-HS3303 58 Wired Headset (White),NEWGEN TECH EO-HS3303 58 Wired Headset (White),Don't miss out on our exclusive offers for NEWGEN TECH EO-HS3303 58 Wired Headset (White). Shop now for the best quality and prices.,#,http://img5a.flixcart.com/image/headset/v/z/n/newgen-tech-eo-hs3303-145-1100x1100-imaeg3x5ggxxqzck.jpeg
Naaz 2 in 1 Paper Quilling Board Game: Up to 50% Off,Naaz 2 in 1 Paper Quilling Board Game,Discover the latest trends in Naaz 2 in 1 Paper Quilling Board Game. Perfect for every occasion. Limited time offer!,#,http://img6a.flixcart.com/image/board-game/c/4/s/naaz-2-in-1-paper-quilling-original-imaeg9kyxk5aym8h.jpeg
Explore The Best Naaz Dart game Board Game,Naaz Dart game Board Game,Upgrade your lifestyle with our premium selection of Naaz Dart game Board Game. Fast delivery available.,#,http://img6a.flixcart.com/image/board-game/j/q/n/naaz-dart-game-1100x1100-imaeg9kyyg2xrzpt.jpeg
Unlock Savings on New Darling Women's Printed Top & Pyjama Set,New Darling Women's Printed Top & Pyjama Set,Discover the latest trends in New Darling Women's Printed Top & Pyjama Set. Perfect for every occasion. Limited time offer!,#,http://img6a.flixcart.com/image/night-suit/j/p/w/nd1032-05-new-darling-l-original-imaegq4rhdg2zjwz.jpeg
Nine Maternity Wear Women's Fit and Flare Dress: Up to 50% Off,Nine Maternity Wear Women's Fit and Flare Dress,Discover the latest trends in Nine Maternity Wear Women's Fit and Flare Dress. Perfect for every occasion. Limited time offer!,#,http://img5a.flixcart.com/image/dress/5/d/j/drsca15-5143-nine-maternity-wear-l-original-imaeexzq7mpcmc39.jpeg
Fresh Arrivals: Noor Embroidered Women's Straight Kurta Collection,Noor Embroidered Women's Straight Kurta,Find exactly what you're looking for in our extensive Noor Embroidered Women's Straight Kurta range. Click to see more.,#,http://img5a.flixcart.com/image/kurta/m/u/z/nw-0012-noor-xl-original-imaehfjzbzg9yhup.jpeg
Explore The Best Nut Khut Embroidered Kurta & Churidar,Nut Khut Embroidered Kurta & Churidar,Top-rated Nut Khut Embroidered Kurta & Churidar just for you. Quality guaranteed. Explore our collection today!,#,http://img6a.flixcart.com/image/salwar-kurta-dupatta/h/n/b/etg173pn-bownbee-7-8-years-original-imaecm3mfwkpgkyn.jpeg
Exclusive Offers on OEM 170774 Bike Side Stand,OEM 170774 Bike Side Stand,Find exactly what you're looking for in our extensive OEM 170774 Bike Side Stand range. Click to see more.,#,http://img5a.flixcart.com/image/bike-side-centre-stand/h/2/g/170830-oem-1100x1100-imaegf2xgnm9xkjp.jpeg
"Ocean GP/Pyramid Glass (300 ml, Clear, Pack of 12): Up to 50% Off","Ocean GP/Pyramid Glass (300 ml, Clear, Pack of 12)","Discover the latest trends in Ocean GP/Pyramid Glass (300 ml, Clear, Pack of 12). Perfect for every occasion. Limited time offer!",#,http://img5a.flixcart.com/image/glass/u/t/r/gp-pyramid-glass-ocean-1100x1100-imaehm7mvzabkhgu.jpeg
Explore The Best Oddy RS 1.5 X 2 100 Sheets Self Stick Reposition...,Oddy RS 1.5 X 2 100 Sheets Self Stick Reposition...,Top-rated Oddy RS 1.5 X 2 100 Sheets Self Stick Reposition... just for you. Quality guaranteed. Explore our collection today!,#,http://img5a.flixcart.com/image/post-it/e/t/n/oddy-1-5-x-2-self-stick-repositionable-note-pad-100-sheets-original-imaef46gdbqzfrum.jpeg
Explore The Best Olvin Aviator Sunglasses,Olvin Aviator Sunglasses,Find exactly what you're looking for in our extensive Olvin Aviator Sunglasses range. Click to see more.,#,http://img5a.flixcart.com/image/sunglass/9/6/z/ol324-12-olvin-m-1100x1100-imaegbr92tqgtbvg.jpeg
Exclusive Offers on Olvin Oval Sunglasses,Olvin Oval Sunglasses,Find exactly what you're looking for in our extensive Olvin Oval Sunglasses range. Click to see more.,#,http://img5a.flixcart.com/image/sunglass/r/e/y/ol323-01-olvin-m-1100x1100-imaegbr9mw8sqzjh.jpeg
Mega Deals on Olvin Rectangular Sunglasses!,Olvin Rectangular Sunglasses,Discover the latest trends in Olvin Rectangular Sunglasses. Perfect for every occasion. Limited time offer!,#,http://img5a.flixcart.com/image/sunglass/7/7/f/ol327-06-olvin-m-1100x1100-imaegbr9rzxbx245.jpeg
Unlock Savings on Olvin Wayfarer Sunglasses,Olvin Wayfarer Sunglasses,Find exactly what you're looking for in our extensive Olvin Wayfarer Sunglasses range. Click to see more.,#,http://img5a.flixcart.com/image/sunglass/r/8/f/ol325-05-olvin-m-1100x1100-imaegbr9sccffaw7.jpeg
Exclusive Offers on Oly Two Fit Fit Women's Black Jeans,Oly Two Fit Fit Women's Black Jeans,Top-rated Oly Two Fit Fit Women's Black Jeans just for you. Quality guaranteed. Explore our collection today!,#,http://img6a.flixcart.com/image/jean/g/u/a/5027-black-oly-two-40-original-imaeg497ddyfhtgb.jpeg
Mega Deals on Oly Two Fit Fit Women's Dark Blue Jeans!,Oly Two Fit Fit Women's Dark Blue Jeans,Top-rated Oly Two Fit Fit Women's Dark Blue Jeans just for you. Quality guaranteed. Explore our collection today!,#,http://img6a.flixcart.com/image/jean/z/p/7/5027-dark-blue-oly-two-40-original-imaegfygdthxhwpy.jpeg
Mega Deals on Pazel Slim Fit Men's Jeans!,Pazel Slim Fit Men's Jeans,Discover the latest trends in Pazel Slim Fit Men's Jeans. Perfect for every occasion. Limited time offer!,#,http://img6a.flixcart.com/image/jean/h/n/k/wpz-1025-pazel-30-original-imaehhpfrhwcrg7u.jpeg
Exclusive Offers on Pens & Stationery,Pens & Stationery,Discover the latest trends in Pens & Stationery. Perfect for every occasion. Limited time offer!,#,http://img5a.flixcart.com/image/biometric-device/r/z/h/enbioaccess-t5-hid-nitgen-1100x1100-imaegun2ffre5max.jpeg
Exclusive Offers on Pet Supplies,Pet Supplies,Don't miss out on our exclusive offers for Pet Supplies. Shop now for the best quality and prices.,#,http://img5a.flixcart.com/image/pet-food/d/q/b/mpzmaxistart1-dog-royal-canin-1-1100x1100-imae6ugrfbhzpk5h.jpeg
Unlock Savings on Pia International 10X70X70 WITH ZOOM SAKURA Bino...,Pia International 10X70X70 WITH ZOOM SAKURA Bino...,Don't miss out on our exclusive offers for Pia International 10X70X70 WITH ZOOM SAKURA Bino.... Shop now for the best quality and prices.,#,http://img5a.flixcart.com/image/binocular/binoculars/z/h/n/pia-international-10x70x70-with-zoom-sakura-1100x1100-imaeekmnzfypebty.jpeg
Mega Deals on Planet Waves Woodstock Strap (Multicolor)!,Planet Waves Woodstock Strap (Multicolor),Upgrade your lifestyle with our premium selection of Planet Waves Woodstock Strap (Multicolor). Fast delivery available.,#,http://img6a.flixcart.com/image/instrument-strap/h/m/4/25lw01-planet-waves-1100x1100-imaeh3e3g9y2kkgv.jpeg
Explore The Best Pout Brass Bangle,Pout Brass Bangle,Don't miss out on our exclusive offers for Pout Brass Bangle. Shop now for the best quality and prices.,#,http://img6a.flixcart.com/image/bangle-bracelet-armlet/c/4/x/mb-04a-2-6-pout-1-original-imaecaydftgnv7ht.jpeg
Exclusive Offers on Power Smart Quick Charging Pack For PAN CGR-D28 ...,Power Smart Quick Charging Pack For PAN CGR-D28 ...,Don't miss out on our exclusive offers for Power Smart Quick Charging Pack For PAN CGR-D28 .... Shop now for the best quality and prices.,#,http://img6a.flixcart.com/image/camera-battery-charger/battery-charger/w/e/2/power-smart-quick-charging-pack-for-sny-npfm55-digi-camcorder-1100x1100-imaeh6rvtkyffbqq.jpeg
Exclusive Offers on Power Smart Quick Charging Pack For PAN CGR-DU-2...,Power Smart Quick Charging Pack For PAN CGR-DU-2...,Don't miss out on our exclusive offers for Power Smart Quick Charging Pack For PAN CGR-DU-2.... Shop now for the best quality and prices.,#,http://img6a.flixcart.com/image/camera-battery-charger/battery-charger/w/e/2/power-smart-quick-charging-pack-for-sny-npfm55-digi-camcorder-1100x1100-imaeh6rvtkyffbqq.jpeg
"Explore The Best Prime Printed 8 Seater Table Cover (Multicolor, ...","Prime Printed 8 Seater Table Cover (Multicolor, ...","Top-rated Prime Printed 8 Seater Table Cover (Multicolor, ... just for you. Quality guaranteed. Explore our collection today!",#,http://img5a.flixcart.com/image/table-cover/c/5/c/303-1-prime-0-303-original-imaehpvx3fj8bjkr.jpeg
Unlock Savings on PrivateLifes MasterPiece Women's Push-up Bra,PrivateLifes MasterPiece Women's Push-up Bra,Top-rated PrivateLifes MasterPiece Women's Push-up Bra just for you. Quality guaranteed. Explore our collection today!,#,http://img6a.flixcart.com/image/bra/z/a/f/plbr204012-privatelifes-36b-1000x1000-imaeg73ge7r5fpdg.jpeg
Pu-Good Women Flats: Up to 50% Off,Pu-Good Women Flats,Discover the latest trends in Pu-Good Women Flats. Perfect for every occasion. Limited time offer!,#,http://img6a.flixcart.com/image/sandal/n/b/u/multi-1342-pu-good-5-original-imaeghs9hg3hbezz.jpeg
Fresh Arrivals: REMSON INDIA Women Flats Collection,REMSON INDIA Women Flats,Top-rated REMSON INDIA Women Flats just for you. Quality guaranteed. Explore our collection today!,#,http://img6a.flixcart.com/image/sandal/a/f/y/blue-215-remson-india-37-original-imaegjcygfzzeznh.jpeg
Explore The Best RajeshFashion Women's Leggings,RajeshFashion Women's Leggings,Upgrade your lifestyle with our premium selection of RajeshFashion Women's Leggings. Fast delivery available.,#,http://img6a.flixcart.com/image/legging-jegging/s/v/b/white005-rajeshfashion-xxl-1000x1000-imaehdpdrvehuaku.jpeg
Mega Deals on Rasav Jewels Yellow Gold Diamond 18 K Ring!,Rasav Jewels Yellow Gold Diamond 18 K Ring,Discover the latest trends in Rasav Jewels Yellow Gold Diamond 18 K Ring. Perfect for every occasion. Limited time offer!,#,http://img5a.flixcart.com/image/ring/z/f/m/1440fhx-15-rasav-jewels-ring-original-imaeh8nh7nvbtgtg.jpeg
Mega Deals on Remax Rm-10000 Remax Vanguard 10000mah 10000 mAh...!,Remax Rm-10000 Remax Vanguard 10000mah 10000 mAh...,Upgrade your lifestyle with our premium selection of Remax Rm-10000 Remax Vanguard 10000mah 10000 mAh.... Fast delivery available.,#,http://img6a.flixcart.com/image/power-bank/y/f/h/rm-10000-remax-remax-vanguard-10000mah-1100x1100-imaeh5fekcy2stha.jpeg
Exclusive Offers on Royal Seal Creations 40 ST COLOR Silver Zircon N...,Royal Seal Creations 40 ST COLOR Silver Zircon N...,Top-rated Royal Seal Creations 40 ST COLOR Silver Zircon N... just for you. Quality guaranteed. Explore our collection today!,#,http://img6a.flixcart.com/image/ring/z/9/y/rsc38r-24-royal-seal-creations-ring-original-imaeh99hgffwvgky.jpeg
Mega Deals on Ruhi's Creations Cotton Cartoon King sized Doubl...!,Ruhi's Creations Cotton Cartoon King sized Doubl...,Discover the latest trends in Ruhi's Creations Cotton Cartoon King sized Doubl.... Perfect for every occasion. Limited time offer!,#,http://img6a.flixcart.com/image/bedsheet/j/s/z/8005-ruhi-s-creations-fitted-100-cotton-bedsheet-multicolor-original-imaeggg2mg8fzscg.jpeg
Explore The Best Ruhi's Creations Cotton Floral King sized Double...,Ruhi's Creations Cotton Floral King sized Double...,Discover the latest trends in Ruhi's Creations Cotton Floral King sized Double.... Perfect for every occasion. Limited time offer!,#,http://img5a.flixcart.com/image/bedsheet/v/m/s/8006-ruhi-s-creations-fitted-100-cotton-floral-bedsheet-pink-original-imaeggg4cv6jtnpz.jpeg
Explore The Best Ruhi's Creations Polyester Silk Blend Cartoon Ki...,Ruhi's Creations Polyester Silk Blend Cartoon Ki...,Find exactly what you're looking for in our extensive Ruhi's Creations Polyester Silk Blend Cartoon Ki... range. Click to see more.,#,http://img6a.flixcart.com/image/bedsheet/q/z/u/8001-ruhi-s-creations-fitted-teddy-bears-bedsheet-pink-3d-original-imaeeycbkngfcdyy.jpeg
"SAY Thread Wounded Candle 10\"" Set of 4 pcs Solid...: Up to 50% Off","SAY Thread Wounded Candle 10\"" Set of 4 pcs Solid...","Don't miss out on our exclusive offers for SAY Thread Wounded Candle 10\"" Set of 4 pcs Solid.... Shop now for the best quality and prices.",#,http://img6a.flixcart.com/image/water-filter-cartridge/z/5/d/say-thread-wounded-candle-10-set-of-4-pcs-1100x1100-imaegdzezc6bgrhf.jpeg
"Fresh Arrivals: SAY UV Sterilizer Solid Filter Cartridge (0, Pac... Collection","SAY UV Sterilizer Solid Filter Cartridge (0, Pac...","Discover the latest trends in SAY UV Sterilizer Solid Filter Cartridge (0, Pac.... Perfect for every occasion. Limited time offer!",#,http://img6a.flixcart.com/image/water-filter-cartridge/p/8/h/say-uv-sterilizer-1100x1100-imaegdzdkwm3z8py.jpeg
Exclusive Offers on SHOPOJ Multicolor Paper Sky Lantern (80 cm X 34 ...,SHOPOJ Multicolor Paper Sky Lantern (80 cm X 34 ...,Don't miss out on our exclusive offers for SHOPOJ Multicolor Paper Sky Lantern (80 cm X 34 .... Shop now for the best quality and prices.,#,http://img6a.flixcart.com/image/lantern/b/t/5/sj-10mlt-0065-shopoj-1100x1100-imaeg446ghzcqamw.jpeg
"Fresh Arrivals: SHOPOJ Purple Paper Sky Lantern (80 cm X 34 cm, ... Collection","SHOPOJ Purple Paper Sky Lantern (80 cm X 34 cm, ...","Discover the latest trends in SHOPOJ Purple Paper Sky Lantern (80 cm X 34 cm, .... Perfect for every occasion. Limited time offer!",#,http://img6a.flixcart.com/image/lantern/n/j/g/sj-5pur-0097-shopoj-1100x1100-imaehn8ystteyb4e.jpeg
"Mega Deals on SHOPOJ White Paper Sky Lantern (80 cm X 34 cm, P...!","SHOPOJ White Paper Sky Lantern (80 cm X 34 cm, P...","Discover the latest trends in SHOPOJ White Paper Sky Lantern (80 cm X 34 cm, P.... Perfect for every occasion. Limited time offer!",#,http://img6a.flixcart.com/image/lantern/z/v/v/sj-10wht-0075-shopoj-1100x1100-imaeg446dcxkdxcs.jpeg
"Fresh Arrivals: SHOPOJ Yellow Paper Sky Lantern (80 cm X 34 cm, ... Collection","SHOPOJ Yellow Paper Sky Lantern (80 cm X 34 cm, ...","Top-rated SHOPOJ Yellow Paper Sky Lantern (80 cm X 34 cm, ... just for you. Quality guaranteed. Explore our collection today!",#,http://img6a.flixcart.com/image/lantern/c/y/g/sj-45yel-0095-shopoj-1100x1100-imaehn8y7fqxbygd.jpeg
"SJ Barstel 56m / 1000m Binoculars (30 mm, Black): Up to 50% Off","SJ Barstel 56m / 1000m Binoculars (30 mm, Black)","Discover the latest trends in SJ Barstel 56m / 1000m Binoculars (30 mm, Black). Perfect for every occasion. Limited time offer!",#,http://img6a.flixcart.com/image/binocular/binoculars/c/8/h/sj-barstel-56m-1000m-1100x1100-imaeezh3r7sed8er.jpeg
"Unlock Savings on SJ Bushnell 122/1000M Binoculars (36 mm, Black)","SJ Bushnell 122/1000M Binoculars (36 mm, Black)","Top-rated SJ Bushnell 122/1000M Binoculars (36 mm, Black) just for you. Quality guaranteed. Explore our collection today!",#,http://img6a.flixcart.com/image/binocular/binoculars/g/g/e/sj-bushnell-122-1000m-original-imaeedz7r76ytwks.jpeg
"SJ Comet Zoom DPSI Binoculars (30 mm, Black): Up to 50% Off","SJ Comet Zoom DPSI Binoculars (30 mm, Black)","Upgrade your lifestyle with our premium selection of SJ Comet Zoom DPSI Binoculars (30 mm, Black). Fast delivery available.",#,http://img6a.flixcart.com/image/binocular/binoculars/e/8/c/sj-comet-zoom-dpsi-1100x1100-imaeezkx8aannzrg.jpeg
Fresh Arrivals: SMART DENIM Solid Women's White Denim Shorts Collection,SMART DENIM Solid Women's White Denim Shorts,Find exactly what you're looking for in our extensive SMART DENIM Solid Women's White Denim Shorts range. Click to see more.,#,http://img6a.flixcart.com/image/short/w/3/5/sdsh-52-b-smart-denim-m-original-imaegdxrvzfgzngr.jpeg
SMART TRADERS Girls Bellies: Up to 50% Off,SMART TRADERS Girls Bellies,Don't miss out on our exclusive offers for SMART TRADERS Girls Bellies. Shop now for the best quality and prices.,#,http://img6a.flixcart.com/image/sandal/g/n/z/golden-sandal1416-smart-traders-37-original-imaegakn6xtq2g6z.jpeg
Mega Deals on SMART TRADERS Women Flats!,SMART TRADERS Women Flats,Discover the latest trends in SMART TRADERS Women Flats. Perfect for every occasion. Limited time offer!,#,http://img6a.flixcart.com/image/sandal/g/k/h/beige-sandal1403-smart-traders-39-original-imaeg9mqhxehfe4g.jpeg
Fresh Arrivals: SMART TRADERS Women Wedges Collection,SMART TRADERS Women Wedges,Don't miss out on our exclusive offers for SMART TRADERS Women Wedges. Shop now for the best quality and prices.,#,http://img6a.flixcart.com/image/sandal/f/q/z/red-sandal1409-smart-traders-39-original-imaeg9zdquggay7y.jpeg
Fresh Arrivals: SRPC BAOER STARWALKER EXECUTIVE ROLLERBALL Pen G... Collection,SRPC BAOER STARWALKER EXECUTIVE ROLLERBALL Pen G...,Find exactly what you're looking for in our extensive SRPC BAOER STARWALKER EXECUTIVE ROLLERBALL Pen G... range. Click to see more.,#,http://img5a.flixcart.com/image/pen/y/v/u/srpc-281374621771-1100x1100-imaehdjzznfexx3w.jpeg
SUPERMOD Men's Brief: Up to 50% Off,SUPERMOD Men's Brief,Top-rated SUPERMOD Men's Brief just for you. Quality guaranteed. Explore our collection today!,#,http://img5a.flixcart.com/image/brief/y/u/j/sm07-cb-black-supermod-xl-original-imaeh3vzq7gymr2h.jpeg
"Mega Deals on Samprada Modern art Tapestry (Black, Pink)!","Samprada Modern art Tapestry (Black, Pink)","Discover the latest trends in Samprada Modern art Tapestry (Black, Pink). Perfect for every occasion. Limited time offer!",#,http://img6a.flixcart.com/image/tapestry/y/y/5/d1-samprada-1100x1100-imaegjmk5g3awbgm.jpeg
Explore The Best Selfcare Women's Thong Panty (Pack of 3),Selfcare Women's Thong Panty (Pack of 3),Discover the latest trends in Selfcare Women's Thong Panty (Pack of 3). Perfect for every occasion. Limited time offer!,#,http://img6a.flixcart.com/image/panty/f/z/h/684-selfcare-xl-original-imaeh9zcuydagddf.jpeg
Exclusive Offers on Shonaya Printed Bhagalpuri Art Silk Sari,Shonaya Printed Bhagalpuri Art Silk Sari,Discover the latest trends in Shonaya Printed Bhagalpuri Art Silk Sari. Perfect for every occasion. Limited time offer!,#,http://img6a.flixcart.com/image/sari/c/a/8/1-1-sh-adbhp-445-b-shonaya-original-imaehzhcfag7utxh.jpeg
Exclusive Offers on Shrih SH-0192 Wired USB Flexible Keyboard (Red),Shrih SH-0192 Wired USB Flexible Keyboard (Red),Find exactly what you're looking for in our extensive Shrih SH-0192 Wired USB Flexible Keyboard (Red) range. Click to see more.,#,http://img5a.flixcart.com/image/keyboard/flexible-keyboard/q/a/c/shrih-sh-0192-1100x1100-imaehzg8uejpmsfg.jpeg
Exclusive Offers on Shrih Toe & Foot Protector Pain Relief Pad (Pack...,Shrih Toe & Foot Protector Pain Relief Pad (Pack...,Find exactly what you're looking for in our extensive Shrih Toe & Foot Protector Pain Relief Pad (Pack... range. Click to see more.,#,http://img6a.flixcart.com/image/toe-separator/z/3/k/2-sh-0203-shrih-toe-foot-protector-pain-relief-pad-1100x1100-imaehzkxggjkqrbn.jpeg
Unlock Savings on Siemens 5SL Betagard 5SL MCB (1),Siemens 5SL Betagard 5SL MCB (1),Top-rated Siemens 5SL Betagard 5SL MCB (1) just for you. Quality guaranteed. Explore our collection today!,#,http://img6a.flixcart.com/image/electrical-mcb-rccb/k/x/q/25-5sl-siemens-5sl-betagard-original-imaedtgrhmdfg9uy.jpeg
Sisel Printed Poly Cotton Women's Stole: Up to 50% Off,Sisel Printed Poly Cotton Women's Stole,Top-rated Sisel Printed Poly Cotton Women's Stole just for you. Quality guaranteed. Explore our collection today!,#,http://img6a.flixcart.com/image/scarf/h/9/c/s-62-sisel-free-size-original-imaehfhcmexcwvvm.jpeg
Unlock Savings on Siyas Collection Lac Cubic Zirconia Bangle Set (...,Siyas Collection Lac Cubic Zirconia Bangle Set (...,Upgrade your lifestyle with our premium selection of Siyas Collection Lac Cubic Zirconia Bangle Set (.... Fast delivery available.,#,http://img6a.flixcart.com/image/bangle-bracelet-armlet/f/w/q/2018-2-siyas-collection-6-original-imaehuwfrqsqzjcn.jpeg
"Sj Bushnell 119M / 1000 Binoculars (36 mm, Black): Up to 50% Off","Sj Bushnell 119M / 1000 Binoculars (36 mm, Black)","Upgrade your lifestyle with our premium selection of Sj Bushnell 119M / 1000 Binoculars (36 mm, Black). Fast delivery available.",#,http://img6a.flixcart.com/image/binocular/binoculars/n/c/e/sj-bushnell-119m-1000-1100x1100-imae8fv8jwhsupzh.jpeg
Exclusive Offers on Skayvon SUBMERSIBBLE THREE PHASE PUMP CONTROLLER...,Skayvon SUBMERSIBBLE THREE PHASE PUMP CONTROLLER...,Don't miss out on our exclusive offers for Skayvon SUBMERSIBBLE THREE PHASE PUMP CONTROLLER.... Shop now for the best quality and prices.,#,http://img5a.flixcart.com/image/sensor-security-system/g/s/h/submersibble-three-phase-pump-controller-skayvon-original-imaehfunbm4wfmgf.jpeg
Mega Deals on Skayvon SUMMERSIBLE SINGLE PHASE PUMP CONTROLLER...!,Skayvon SUMMERSIBLE SINGLE PHASE PUMP CONTROLLER...,Discover the latest trends in Skayvon SUMMERSIBLE SINGLE PHASE PUMP CONTROLLER.... Perfect for every occasion. Limited time offer!,#,http://img5a.flixcart.com/image/sensor-security-system/p/f/9/summersible-single-phase-pump-controller-skayvon-original-imaehdu4e8e2nhmh.jpeg
Fresh Arrivals: Small Toes Bellies Collection,Small Toes Bellies,Don't miss out on our exclusive offers for Small Toes Bellies. Shop now for the best quality and prices.,#,http://img6a.flixcart.com/image/shoe/b/w/w/dark-pink-16-small-toes-27-1000x1000-imaeegr27bbdgerx.jpeg
Sonaxo Men Running Shoes: Up to 50% Off,Sonaxo Men Running Shoes,Find exactly what you're looking for in our extensive Sonaxo Men Running Shoes range. Click to see more.,#,http://img5a.flixcart.com/image/shoe/b/a/g/blue-spo3-sonaxo-10-original-imaegr2jhzaravnp.jpeg
Explore The Best Spa Culture Fit Fit Women's Black Jeans,Spa Culture Fit Fit Women's Black Jeans,Don't miss out on our exclusive offers for Spa Culture Fit Fit Women's Black Jeans. Shop now for the best quality and prices.,#,http://img5a.flixcart.com/image/jean/g/m/7/9699-black-spa-culture-38-original-imaehx8zcsbvctzw.jpeg
"Mega Deals on Speedwav 186136 Manual Rear View Mirror (Right, ...!","Speedwav 186136 Manual Rear View Mirror (Right, ...","Don't miss out on our exclusive offers for Speedwav 186136 Manual Rear View Mirror (Right, .... Shop now for the best quality and prices.",#,http://img5a.flixcart.com/image/vehicle-mirror/m/y/c/186151-speedwav-1100x1100-imaegffpgpah5zju.jpeg
Fresh Arrivals: Speedwav 186879 Bajaj Pulsar 200 NS DTS-i LED In... Collection,Speedwav 186879 Bajaj Pulsar 200 NS DTS-i LED In...,Top-rated Speedwav 186879 Bajaj Pulsar 200 NS DTS-i LED In... just for you. Quality guaranteed. Explore our collection today!,#,http://img6a.flixcart.com/image/vehicle-indicator-light/7/x/j/186872-speedwav-1100x1100-imaegey9bvjhyzmu.jpeg
Mega Deals on Speedwav 186926 Royal Enfield 350 Twin Spark LED...!,Speedwav 186926 Royal Enfield 350 Twin Spark LED...,Discover the latest trends in Speedwav 186926 Royal Enfield 350 Twin Spark LED.... Perfect for every occasion. Limited time offer!,#,http://img5a.flixcart.com/image/vehicle-indicator-light/x/s/y/186927-speedwav-1100x1100-imaegey9wqgmfvhy.jpeg
"Exclusive Offers on Speedwav 216456 Manual Rear View Mirror (Right, ...","Speedwav 216456 Manual Rear View Mirror (Right, ...","Discover the latest trends in Speedwav 216456 Manual Rear View Mirror (Right, .... Perfect for every occasion. Limited time offer!",#,http://img6a.flixcart.com/image/vehicle-mirror/r/f/m/216477-speedwav-1100x1100-imaegdyb2ht54yk4.jpeg
"Mega Deals on Speedwav 216510 Manual Rear View Mirror (Right, ...!","Speedwav 216510 Manual Rear View Mirror (Right, ...","Don't miss out on our exclusive offers for Speedwav 216510 Manual Rear View Mirror (Right, .... Shop now for the best quality and prices.",#,http://img6a.flixcart.com/image/vehicle-mirror/r/f/m/216477-speedwav-1100x1100-imaegdyb2ht54yk4.jpeg
"Fresh Arrivals: Speedwav 216552 Manual Rear View Mirror (Right, ... Collection","Speedwav 216552 Manual Rear View Mirror (Right, ...","Discover the latest trends in Speedwav 216552 Manual Rear View Mirror (Right, .... Perfect for every occasion. Limited time offer!",#,http://img6a.flixcart.com/image/vehicle-mirror/r/f/m/216477-speedwav-1100x1100-imaegdyb2ht54yk4.jpeg
Speedwav 240437 Sun Shade For Hyundai i10 (Dashb...: Up to 50% Off,Speedwav 240437 Sun Shade For Hyundai i10 (Dashb...,Don't miss out on our exclusive offers for Speedwav 240437 Sun Shade For Hyundai i10 (Dashb.... Shop now for the best quality and prices.,#,http://img6a.flixcart.com/image/sun-shade/7/r/x/240349-speedwav-1100x1100-imaehpqkaw9zh9mq.jpeg
Exclusive Offers on Sports & Fitness,Sports & Fitness,Top-rated Sports & Fitness just for you. Quality guaranteed. Explore our collection today!,#,http://img6a.flixcart.com/image/sport-bag/c/7/q/na-quechua-forclaz-22-air-22-s-original-imae4dk7bfjyy5xx.jpeg
Exclusive Offers on Srajanaa sr114 Travel Shaving Kit (Black),Srajanaa sr114 Travel Shaving Kit (Black),Top-rated Srajanaa sr114 Travel Shaving Kit (Black) just for you. Quality guaranteed. Explore our collection today!,#,http://img5a.flixcart.com/image/travel-shaving-kit/w/h/f/1-srajanaa-sr114-1100x1100-imaee2hesxny3xbf.jpeg
Starsy Printed Women's Round Neck Black T-Shirt: Up to 50% Off,Starsy Printed Women's Round Neck Black T-Shirt,Top-rated Starsy Printed Women's Round Neck Black T-Shirt just for you. Quality guaranteed. Explore our collection today!,#,http://img6a.flixcart.com/image/t-shirt/6/r/s/ts0145black-starsy-m-1000x1000-imaegf43npfzvkwh.jpeg
Explore The Best Starsy Solid Women's Round Neck Green T-Shirt,Starsy Solid Women's Round Neck Green T-Shirt,Discover the latest trends in Starsy Solid Women's Round Neck Green T-Shirt. Perfect for every occasion. Limited time offer!,#,http://img5a.flixcart.com/image/t-shirt/h/u/y/ts0208green-starsy-xxl-1000x1000-imaegf43j7uhygzv.jpeg
Explore The Best Style World Women Flats,Style World Women Flats,Top-rated Style World Women Flats just for you. Quality guaranteed. Explore our collection today!,#,http://img6a.flixcart.com/image/sandal/7/k/z/blue-sw-1016-style-world-7-original-imaeggzgbfnubfas.jpeg
"Fresh Arrivals: Sugandh Vatika 24 Natural Masala, Sandal Incense... Collection","Sugandh Vatika 24 Natural Masala, Sandal Incense...","Don't miss out on our exclusive offers for Sugandh Vatika 24 Natural Masala, Sandal Incense.... Shop now for the best quality and prices.",#,http://img6a.flixcart.com/image/incense-stick/x/j/h/real-flora-natural-incense-sticks-sugandh-vatika-0000000000000-original-imadzk3sjsqdjrge.jpeg
Mega Deals on Sumo Baby Walker (Red)!,Sumo Baby Walker (Red),Discover the latest trends in Sumo Baby Walker (Red). Perfect for every occasion. Limited time offer!,#,http://img6a.flixcart.com/image/walker/e/z/w/sumo-001-sumo-baby-walker-original-imaeexh8spuqnrkb.jpeg
Unlock Savings on Sunglasses,Sunglasses,Upgrade your lifestyle with our premium selection of Sunglasses. Fast delivery available.,#,http://img5a.flixcart.com/image/sunglass/m/9/s/leopardframe-lightblue-combo-1-barbarik-m-original-imaej5zthyqjezup.jpeg
Mega Deals on Synergy SFJB0105 Grocery Bag (Blue)!,Synergy SFJB0105 Grocery Bag (Blue),Top-rated Synergy SFJB0105 Grocery Bag (Blue) just for you. Quality guaranteed. Explore our collection today!,#,http://img6a.flixcart.com/image/grocery-bag/v/u/h/sfjb0105-synergy-1100x1100-imaegxyfgc2t8hzg.jpeg
Fresh Arrivals: THERISE MD0005 Wired Headset (Pink) Collection,THERISE MD0005 Wired Headset (Pink),Discover the latest trends in THERISE MD0005 Wired Headset (Pink). Perfect for every occasion. Limited time offer!,#,http://img6a.flixcart.com/image/headset/q/h/h/therise-md0009-1100x1100-imae82uu2svufc9y.jpeg
Fresh Arrivals: TIMBERLAKE Slim Fit Fit Women's Blue Jeans Collection,TIMBERLAKE Slim Fit Fit Women's Blue Jeans,Discover the latest trends in TIMBERLAKE Slim Fit Fit Women's Blue Jeans. Perfect for every occasion. Limited time offer!,#,http://img6a.flixcart.com/image/jean/x/f/g/abrolsons-10001-blue-timberlake-l-1000x1000-imaeg887exjddrqr.jpeg
Explore The Best TIMBERLAKE Slim Fit Fit Women's Brown Jeans,TIMBERLAKE Slim Fit Fit Women's Brown Jeans,Find exactly what you're looking for in our extensive TIMBERLAKE Slim Fit Fit Women's Brown Jeans range. Click to see more.,#,http://img5a.flixcart.com/image/jean/f/j/w/abrolsons-10016-brown-timberlake-l-1000x1000-imaeg887y3kcmfbs.jpeg
Fresh Arrivals: TIMBERLAKE Slim Fit Fit Women's Red Jeans Collection,TIMBERLAKE Slim Fit Fit Women's Red Jeans,Upgrade your lifestyle with our premium selection of TIMBERLAKE Slim Fit Fit Women's Red Jeans. Fast delivery available.,#,http://img6a.flixcart.com/image/jean/p/y/j/abrolsons-10010-red-timberlake-l-1000x1000-imaeg887z9mp86zu.jpeg
Mega Deals on TSG Breeze Printed Women's Round Neck Multicolor...!,TSG Breeze Printed Women's Round Neck Multicolor...,Upgrade your lifestyle with our premium selection of TSG Breeze Printed Women's Round Neck Multicolor.... Fast delivery available.,#,http://img6a.flixcart.com/image/t-shirt/h/w/a/tsgbrz-tshirt-npo2-c7-tsg-breeze-l-original-imaegg7ze6uduqhh.jpeg
Taurus Black & white Lace Up: Up to 50% Off,Taurus Black & white Lace Up,Find exactly what you're looking for in our extensive Taurus Black & white Lace Up range. Click to see more.,#,http://img5a.flixcart.com/image/shoe/c/q/d/black-th-147-taurus-6-original-imaeheyn2huhjygk.jpeg
Unlock Savings on The Cotton Company Solid Women's Polo Neck Pink ...,The Cotton Company Solid Women's Polo Neck Pink ...,Don't miss out on our exclusive offers for The Cotton Company Solid Women's Polo Neck Pink .... Shop now for the best quality and prices.,#,http://img6a.flixcart.com/image/t-shirt/4/a/q/polo001-f-pink2-the-cotton-company-xxl-original-imaegdvuz7hxhckt.jpeg
The Crazy Me 1 Compartments Eco-Friendly leather...: Up to 50% Off,The Crazy Me 1 Compartments Eco-Friendly leather...,Discover the latest trends in The Crazy Me 1 Compartments Eco-Friendly leather.... Perfect for every occasion. Limited time offer!,#,http://img6a.flixcart.com/image/desk-organizer/4/b/g/the-crazy-me-pen-stand-birds-pattern-original-imaegy5xd4ubxg8f.jpeg
"Mega Deals on Threads & Pals Full Sleeve Printed, Solid Men's ...!","Threads & Pals Full Sleeve Printed, Solid Men's ...","Discover the latest trends in Threads & Pals Full Sleeve Printed, Solid Men's .... Perfect for every occasion. Limited time offer!",#,http://img5a.flixcart.com/image/sweatshirt/f/k/h/combos12-threads-pals-l-original-imaehuf2w9wke8zq.jpeg
Mega Deals on Threads & Pals Full Sleeve Self Design Men's Swe...!,Threads & Pals Full Sleeve Self Design Men's Swe...,Top-rated Threads & Pals Full Sleeve Self Design Men's Swe... just for you. Quality guaranteed. Explore our collection today!,#,http://img5a.flixcart.com/image/sweatshirt/b/3/c/combos19-threads-pals-l-original-imaehu23rapbhmjn.jpeg
Explore The Best Tools & Hardware,Tools & Hardware,Top-rated Tools & Hardware just for you. Quality guaranteed. Explore our collection today!,#,http://img6a.flixcart.com/image/commode/n/a/g/ewc-toilet-seat-s-trap-belmonte-sanitaryware-1100x1100-imaeeybm2fkzayr7.jpeg
Fresh Arrivals: Toys & School Supplies Collection,Toys & School Supplies,Discover the latest trends in Toys & School Supplies. Perfect for every occasion. Limited time offer!,#,http://img5a.flixcart.com/image/remote-control-toy/z/r/j/adraxx-adraxx-mini-gyro-stabilized-x-drone-flyer-original-imaeyfjf8wkbvv7g.jpeg
Explore The Best Treppe Bellies,Treppe Bellies,Don't miss out on our exclusive offers for Treppe Bellies. Shop now for the best quality and prices.,#,http://img5a.flixcart.com/image/shoe/r/q/h/camel-8-treppe-39-original-imaehm5vjewyjeu5.jpeg
UFO Full Sleeve Solid Girl's Jacket: Up to 50% Off,UFO Full Sleeve Solid Girl's Jacket,Find exactly what you're looking for in our extensive UFO Full Sleeve Solid Girl's Jacket range. Click to see more.,#,http://img6a.flixcart.com/image/jacket/b/a/t/aw15-wf-gkt-023-green-ufo-14-original-imaec5pye7zkdqph.jpeg
UFO Self Design Round Neck Casual Girl's Sweater: Up to 50% Off,UFO Self Design Round Neck Casual Girl's Sweater,Discover the latest trends in UFO Self Design Round Neck Casual Girl's Sweater. Perfect for every occasion. Limited time offer!,#,http://img6a.flixcart.com/image/sweater/x/g/p/aw15-wr-gkt-041-red-ufo-4-5-years-1000x1000-imaec5pyjyukcmju.jpeg
Exclusive Offers on United Colors of Benetton Girl's Trousers,United Colors of Benetton Girl's Trousers,Find exactly what you're looking for in our extensive United Colors of Benetton Girl's Trousers range. Click to see more.,#,http://img5a.flixcart.com/image/trouser/a/y/b/14p3p6pi0344g74y-united-colors-of-benetton-3-4-years-original-imaehgphhw28ewgx.jpeg
Fresh Arrivals: Urban Girl Foundation Brush (Pack of 10) Collection,Urban Girl Foundation Brush (Pack of 10),Don't miss out on our exclusive offers for Urban Girl Foundation Brush (Pack of 10). Shop now for the best quality and prices.,#,http://img6a.flixcart.com/image/brush-applicator/t/f/9/k-10-urban-girl-foundation-brush-1100x1100-imaeggbkbzhzdxpj.jpeg
Mega Deals on Urban Girl Foundation Brush (Pack of 12)!,Urban Girl Foundation Brush (Pack of 12),Upgrade your lifestyle with our premium selection of Urban Girl Foundation Brush (Pack of 12). Fast delivery available.,#,http://img5a.flixcart.com/image/brush-applicator/u/4/g/zip01-urban-girl-foundation-brush-1100x1100-imaeggbj98jmwk4g.jpeg
Exclusive Offers on Urban Girl Foundation Brush (Pack of 7),Urban Girl Foundation Brush (Pack of 7),Top-rated Urban Girl Foundation Brush (Pack of 7) just for you. Quality guaranteed. Explore our collection today!,#,http://img5a.flixcart.com/image/brush-applicator/u/w/h/r-7-urban-girl-foundation-brush-1100x1100-imaeggbhwpu7gptr.jpeg
Mega Deals on V&G Professional HD-37 Hair Dryer (Red)!,V&G Professional HD-37 Hair Dryer (Red),Don't miss out on our exclusive offers for V&G Professional HD-37 Hair Dryer (Red). Shop now for the best quality and prices.,#,http://img6a.flixcart.com/image/hair-dryer/q/y/4/v-g-professional-hd-37-original-imaehjyx7jspsj78.jpeg
Fresh Arrivals: Vinenzia Printed Winter Men's Gloves Collection,Vinenzia Printed Winter Men's Gloves,Upgrade your lifestyle with our premium selection of Vinenzia Printed Winter Men's Gloves. Fast delivery available.,#,http://img5a.flixcart.com/image/glove/k/x/v/gv1221brown-vinenzia-free-original-imaeewgvzaau8gfx.jpeg
Unlock Savings on Viral Girl Women's Full Coverage Bra,Viral Girl Women's Full Coverage Bra,Don't miss out on our exclusive offers for Viral Girl Women's Full Coverage Bra. Shop now for the best quality and prices.,#,http://img5a.flixcart.com/image/bra/z/h/x/r-m-tv-blue-viral-girl-36b-original-imaeggb4vxt4tqr5.jpeg
Vishudh Printed Women's Anarkali Kurta: Up to 50% Off,Vishudh Printed Women's Anarkali Kurta,Find exactly what you're looking for in our extensive Vishudh Printed Women's Anarkali Kurta range. Click to see more.,#,http://img5a.flixcart.com/image/kurta/f/c/4/vnku004389-beige-pink-vishudh-xl-original-imaehdjtwsnkgzvy.jpeg
Exclusive Offers on Vishudh Printed Women's Straight Kurta,Vishudh Printed Women's Straight Kurta,Top-rated Vishudh Printed Women's Straight Kurta just for you. Quality guaranteed. Explore our collection today!,#,http://img5a.flixcart.com/image/kurta/p/3/w/vnku004373-black-maroon-vishudh-s-original-imaehdjstqbpm9p3.jpeg
Unlock Savings on Vitamins Solid Baby Girl's Basic Shorts,Vitamins Solid Baby Girl's Basic Shorts,Discover the latest trends in Vitamins Solid Baby Girl's Basic Shorts. Perfect for every occasion. Limited time offer!,#,http://img5a.flixcart.com/image/short/u/w/y/05tg-870-26-n-blue-vitamins-5-6-years-original-imaehzknftxq9hjh.jpeg
Explore The Best Walkline Slippers,Walkline Slippers,Discover the latest trends in Walkline Slippers. Perfect for every occasion. Limited time offer!,#,http://img5a.flixcart.com/image/slipper-flip-flop/u/g/q/brown-s-3-walkline-10-original-imaegg7fmgjzstvq.jpeg
Explore The Best Watches,Watches,Don't miss out on our exclusive offers for Watches. Shop now for the best quality and prices.,#,http://img5a.flixcart.com/image/watch/b/u/b/wq18-alfajr-original-imaecd7gkkhj2gmy.jpeg
Fresh Arrivals: Wearable Smart Devices Collection,Wearable Smart Devices,Top-rated Wearable Smart Devices just for you. Quality guaranteed. Explore our collection today!,#,http://img6a.flixcart.com/image/smart-watch-band-strap/n/h/v/led-b3pwgyr-besto-smart-band-strap-1100x1100-imaegjrzs2eqgfkh.jpeg
Fresh Arrivals: Wella Elements Leight Weight Renewing Conditione... Collection,Wella Elements Leight Weight Renewing Conditione...,Discover the latest trends in Wella Elements Leight Weight Renewing Conditione.... Perfect for every occasion. Limited time offer!,#,http://img5a.flixcart.com/image/conditioner/x/u/s/wella-200-elements-leight-weight-renewing-conditioner-1100x1100-imaehgrdgt9kjzmf.jpeg
Unlock Savings on Wellon Fittings set (16 pieces) for RO Water Pur...,Wellon Fittings set (16 pieces) for RO Water Pur...,Discover the latest trends in Wellon Fittings set (16 pieces) for RO Water Pur.... Perfect for every occasion. Limited time offer!,#,http://img6a.flixcart.com/image/water-filter-cartridge/v/z/u/wellon-fittings-set-16-pieces-for-ro-water-purifier-1100x1100-imaebr5y3ptabgjb.jpeg
Explore The Best Yo Baby Girl's Trousers,Yo Baby Girl's Trousers,Discover the latest trends in Yo Baby Girl's Trousers. Perfect for every occasion. Limited time offer!,#,http://img6a.flixcart.com/image/trouser/d/r/d/ybfw311-yo-baby-4-5-years-original-imaehgphsagm6hyb.jpeg
Mega Deals on Zevrr Sterling Silver Swarovski Zirconia Platinu...!,Zevrr Sterling Silver Swarovski Zirconia Platinu...,Don't miss out on our exclusive offers for Zevrr Sterling Silver Swarovski Zirconia Platinu.... Shop now for the best quality and prices.,#,http://img6a.flixcart.com/image/ring/u/f/f/pzsr01760-11-zevrr-ring-1100x1100-imaeh3guzjhjjzjk.jpeg
Exclusive Offers on Zikrak Exim Women Wedges,Zikrak Exim Women Wedges,Find exactly what you're looking for in our extensive Zikrak Exim Women Wedges range. Click to see more.,#,http://img5a.flixcart.com/image/sandal/9/v/2/red-sandal-ze106-zikrak-exim-10-original-imaegcssqw6tjhcv.jpeg
"Unlock Savings on Zixtro Bug (Black, Backpack)","Zixtro Bug (Black, Backpack)","Find exactly what you're looking for in our extensive Zixtro Bug (Black, Backpack) range. Click to see more.",#,http://img5a.flixcart.com/image/sport-bag/c/g/e/zixtro-bug-22-l-original-imadwxhwp3rg8txe.jpeg
Exclusive Offers on classyworld Brass Cufflink (Grey-02),classyworld Brass Cufflink (Grey-02),Find exactly what you're looking for in our extensive classyworld Brass Cufflink (Grey-02) range. Click to see more.,#,http://img5a.flixcart.com/image/cufflink-tie-pin/h/x/m/classyscflahen04-classyworld-cufflink-classyscfl04-original-imaeggbx5tkczbeb.jpeg
Unlock Savings on classyworld Brass Cufflink (Silver-01),classyworld Brass Cufflink (Silver-01),Discover the latest trends in classyworld Brass Cufflink (Silver-01). Perfect for every occasion. Limited time offer!,#,http://img6a.flixcart.com/image/cufflink-tie-pin/8/v/t/classyscflahen01-classyworld-cufflink-classyscfl01-original-imaeggbxs4n3gwxp.jpeg
clickforsign Avoid Contanimation Wash your Hands...: Up to 50% Off,clickforsign Avoid Contanimation Wash your Hands...,Find exactly what you're looking for in our extensive clickforsign Avoid Contanimation Wash your Hands... range. Click to see more.,#,http://img5a.flixcart.com/image/emergency-sign/b/g/g/osh-ns-20-sb-big-clickforsign-1100x1100-imaecpzdhrvfumfe.jpeg
Unlock Savings on clickforsign Sound horn Before entering Emergenc...,clickforsign Sound horn Before entering Emergenc...,Discover the latest trends in clickforsign Sound horn Before entering Emergenc.... Perfect for every occasion. Limited time offer!,#,http://img6a.flixcart.com/image/emergency-sign/b/g/g/osh-ns-27-sb-big-clickforsign-1100x1100-imaecqqqn6xechsx.jpeg
Explore The Best e-Fresh Baby Boy's Brief (Pack of 10),e-Fresh Baby Boy's Brief (Pack of 10),Don't miss out on our exclusive offers for e-Fresh Baby Boy's Brief (Pack of 10). Shop now for the best quality and prices.,#,http://img5a.flixcart.com/image/brief/v/8/u/joy-jetty-plain-ie-10-e-fresh-9-12-months-original-imaeg583nbxfy6gk.jpeg
Exclusive Offers on e-Fresh Boy's Brief (Pack of 5),e-Fresh Boy's Brief (Pack of 5),Top-rated e-Fresh Boy's Brief (Pack of 5) just for you. Quality guaranteed. Explore our collection today!,#,http://img5a.flixcart.com/image/brief/4/c/w/joy-jetty-plain-oe-5-2-e-fresh-9-12-months-original-imaeg583ftxhhhm9.jpeg
Explore The Best eBooks,eBooks,Discover the latest trends in eBooks. Perfect for every occasion. Limited time offer!,#,http://static03.digital.flipkart.com/cds/ebooks/cover/download/500/DIGI410070615-49c599ef-5b3a-4841-bc06-f529b2afdb38
Explore The Best fourgee Slim Fit Women's Blue Jeans,fourgee Slim Fit Women's Blue Jeans,Discover the latest trends in fourgee Slim Fit Women's Blue Jeans. Perfect for every occasion. Limited time offer!,#,http://img5a.flixcart.com/image/jean/f/7/h/2ja-fourgee-34-original-imaegf9j8y9hubww.jpeg
Mega Deals on kem Flow Gold skinny Fit Baby Girl's Blue Jeans!,kem Flow Gold skinny Fit Baby Girl's Blue Jeans,Discover the latest trends in kem Flow Gold skinny Fit Baby Girl's Blue Jeans. Perfect for every occasion. Limited time offer!,#,http://img6a.flixcart.com/image/jean/d/w/3/364-kem-flow-gold-28-1000x1000-imaehzevyhp2carm.jpeg
killys Men's Solid No Show Socks: Up to 50% Off,killys Men's Solid No Show Socks,Don't miss out on our exclusive offers for killys Men's Solid No Show Socks. Shop now for the best quality and prices.,#,http://img5a.flixcart.com/image/sock/x/h/s/n-multi-10-killys-free-1000x1000-imaeghgghbzzhppe.jpeg
Fresh Arrivals: piftif Women's Sports Bra Collection,piftif Women's Sports Bra,Discover the latest trends in piftif Women's Sports Bra. Perfect for every occasion. Limited time offer!,#,http://img5a.flixcart.com/image/bra/y/5/t/ghddgvdsgcchh-5-piftif-free-original-imaegg6u9dpddhhx.jpeg
Explore The Best run of luck Solid Women's Round Neck Dark Blue T...,run of luck Solid Women's Round Neck Dark Blue T...,Find exactly what you're looking for in our extensive run of luck Solid Women's Round Neck Dark Blue T... range. Click to see more.,#,http://img6a.flixcart.com/image/t-shirt/y/7/y/w-1112-run-of-luck-l-original-imaegfymsxewzh3x.jpeg
Explore The Best soie Fashion Women's Full Coverage Bra,soie Fashion Women's Full Coverage Bra,Don't miss out on our exclusive offers for soie Fashion Women's Full Coverage Bra. Shop now for the best quality and prices.,#,http://img5a.flixcart.com/image/bra/u/z/z/combo-701ocean-plum-soie-36c-original-imaeggc9srzzrdvm.jpeg
Fresh Arrivals: soie Fashion Women's Sports Bra Collection,soie Fashion Women's Sports Bra,Discover the latest trends in soie Fashion Women's Sports Bra. Perfect for every occasion. Limited time offer!,#,http://img5a.flixcart.com/image/bra/f/9/x/combo-901grey-black-soie-40b-original-imaeggcfr6zkwwpf.jpeg
"Fresh Arrivals: tadd Men's, Women's Ankle Length Socks Collection","tadd Men's, Women's Ankle Length Socks","Find exactly what you're looking for in our extensive tadd Men's, Women's Ankle Length Socks range. Click to see more.",#,http://img6a.flixcart.com/image/sock/k/t/k/o01-tadd-free-original-imaege3nhqbgwua5.jpeg
Unlock Savings on xy decor Cotton Sofa Cover (white Pack of 6),xy decor Cotton Sofa Cover (white Pack of 6),Don't miss out on our exclusive offers for xy decor Cotton Sofa Cover (white Pack of 6). Shop now for the best quality and prices.,#,http://img5a.flixcart.com/image/slipcover/g/e/z/mn4985632012-xy-decor-1100x1100-imaehqxjngzfwpxu.jpeg
