category_name,asin_list
Tools & Home Improvement,"['B07V5LK5J3', 'B001HWGJAK', 'B001D2X9WU', 'B083S6S7VG', 'B09YFS3TR9', 'B0BBFYRJCD', 'B0BWN2DTJD', 'B0CF1N2HKN', 'B01EBLY81U', 'B0C3GRM19Y', 'B084111VK1', 'B06XXSR7CQ', 'B0B6FFGW5X', 'B0889KTLXJ', 'B008FDT3FM', 'B0171X0JPE', 'B09G9PJFBR', 'B002C61V7Q', 'B08BF78G8P', 'B00TODY7YO', 'B08QMM8K9C', 'B00IZFI0VI', 'B00ITPIG54', 'B085HFPM9Z', 'B0CB5CB7PK', 'B08RYLKT9Y', 'B07TN6YT2P', 'B07PPLX2L5', 'B0B5DM42BQ', 'B09X56FJY7', 'B087WV6FXB', 'B0C73CBMKT', 'B079C73NXT', 'B01CDGCQG4', 'B0B17FS4ZW', 'B00CEHFC96', 'B00G7QRJKK', 'B002NQVHRY', 'B00XE5LXCM', 'B08C4ZMKP1', 'B09MT3PL2B', 'B0069AK8NO', 'B003ILD1RW', 'B0BL2CTZBS', 'B06W553T8Y', 'B0036SZYO0', 'B07KG2G1HD', 'B001HWBYB4', 'B09P88XZQP', 'B0BXS2QQXZ', 'B094V8KXQV', 'B07PG6FQR2', 'B005NYXT60', 'B07NC1XM4Y', 'B09WMPKGBH', 'B09KBT7FY6', 'B07K52RZRG', 'B002Q0Y5MG', 'B09HTWWXSV', 'B00EC8N5ZI', 'B09YRGGQX7', 'B07DF1WDCY', 'B06XWK47YR', 'B076DGDMD6', 'B00A6X0QJQ', 'B00ROB2O0C', 'B09FK6XXKZ', 'B08B1GTQXQ', 'B09SJ6HF6X', 'B00ECBYRCK', 'B0BX3P7N44', 'B08K7G25J3', 'B0BZD39L99', 'B07TWRJ4XX', 'B00422MR12', 'B0777GG582', 'B09787TSGN', 'B01FLH4TC6', 'B081DXW82P', 'B09JQN5YTQ', 'B08QSHFGXX', 'B0C6PCX1X3', 'B01KVFY1OO', 'B003E63HZM', 'B00CD774IE', 'B01N9JLDBK', 'B000UYV0WI', 'B0B9HPXNWK', 'B001D8CRB8', 'B005ESNEYW', 'B08PYCD4XV', 'B005EXPIO6', 'B00CBJWBPU', 'B005EXO5CC', 'B00LAEOM2M', 'B0058EDMBC', 'B0BLRY7Z69', 'B0CC1NYW5F', 'B07N8G6NLK', 'B001E5L19O']"
Lighting & Ceiling Fans,"['B07V5LK5J3', 'B0C3GRM19Y', 'B06XXSR7CQ', 'B07TN6YT2P', 'B0B5DM42BQ', 'B09X56FJY7', 'B0C73CBMKT', 'B01CDGCQG4', 'B00G7QRJKK', 'B0BL2CTZBS', 'B09P88XZQP', 'B0BXS2QQXZ', 'B09YRGGQX7', 'B08B1GTQXQ', 'B0777GG582', 'B0CC1NYW5F']"
Outdoor Lighting,"['B07V5LK5J3', 'B0B5DM42BQ']"
Post Lights,['B07V5LK5J3']
Automotive,"['B00080QHMM', 'B0BTNL5FZK', 'B009B9H8ME', 'B000BZG75Q', 'B0B716WM88', 'B0932HMW1G', 'B0C5D3196C', 'B00C4ZT9EM', 'B0BTBTQ1XB', 'B0BD5JCZH3', 'B09WD4QYFM', 'B0051UPEMS', 'B09LSWYVH4', 'B0C77M14NF', 'B0C17SKJ77', 'B003ZJ16K6', 'B08ZKXX16F', 'B0C5M9HF2P', 'B08LQYNVNP', 'B0C61L747J', 'B07MHJK2MP', 'B0B1373CQD', 'B008PKV0TM', 'B0836ZWJ6V', 'B07PFL4YTN', 'B099SM1KPZ', 'B0CKLDX52J', 'B0747ZWCGN', 'B08C4VF68W', 'B00G4NYOGI', 'B08NSX1LN8', 'B095C8Q1X6', 'B09NBQR3GH', 'B08HJRTRG3', 'B07GZJT61Z', 'B0126MEK3C', 'B0BSLFGTWK', 'B0CNRJHVNV', 'B00TF8G8EA', 'B08DK7LP8B']"
Tools & Equipment,"['B00080QHMM', 'B0C5M9HF2P', 'B008PKV0TM', 'B0836ZWJ6V', 'B07PFL4YTN']"
Tire & Wheel Tools,"['B00080QHMM', 'B0836ZWJ6V']"
Tire Repair Tools,"['B00080QHMM', 'B0836ZWJ6V']"
Beauty,"['B0CNZ6ZV14', 'B0B3X64DV2', 'B0BN3WQB92', 'B0B25H9G4K', 'B00K3U2DAM', 'B00YEJYSEM', 'B0BT7B7P5T', 'B09CQB6FZF', 'B00UBV4PL8', 'B09G6WF1GS', 'B0CGDF3Z4G', 'B07PDRD1KT', 'B078Q55M95', 'B099RVK69C', 'B0B4KC8HJG', 'B006L6A06Q', 'B09QX1CGDH', 'B074J7869B', 'B00WSPJUPG', 'B00K3TVJMQ', 'B0C3M12R6B', 'B0BDFB9JQH', 'B01CY764KQ', 'B08MM9WKGV', 'B01G6KZAJ8', 'B08JV31QW4', 'B0992PFXLR', 'B097LJPHWS', 'B06XYGBZ4Q', 'B07Z2WBY5M', 'B09TFQ63ZK']"
Hair Care,"['B0CNZ6ZV14', 'B0B25H9G4K', 'B078Q55M95', 'B006L6A06Q', 'B08MM9WKGV', 'B0169ZPWUW']"
Hair Oils,"['B0CNZ6ZV14', 'B078Q55M95']"
Electronics,"['B0BGSF52LR', 'B0BK8QY1JB', 'B07QNR7LTH', 'B07SS5Z6TN', 'B08KZLR9CZ', 'B0C27P6VC9', 'B09Q2R6FSP', 'B089K5PVBF', 'B0CMCLXJPQ', 'B0CPT1QLQR', 'B004YCUDMU', 'B01CO26G5Y', 'B092R6HW7L', 'B0B7QC7HP1', 'B0CPBK1YGN', 'B09QM9K9ZR', 'B09ZBM2MLY', 'B07WWN97S7', 'B07882GB18', 'B09NRMRF8R', 'B0BXMQFXYK', 'B08P2T35TZ', 'B06XK5Y8SQ', 'B074DCYH31', 'B08YYK8FJN', 'B09B3LFDXJ', 'B008R7114W', 'B093WP6PLL', 'B0D4QFJHC3', 'B01J4C2O4Y', 'B0C2PH15JW', 'B0CHYDX91L', 'B09NBLVKXJ', 'B0BNHD3932', 'B082H8NVZF', 'B075454YKR', 'B099ZK3ZQ6', 'B0C6JMP9LH', 'B0BWF13TPQ', 'B00MFD3KZC', 'B08SBVRYVH', 'B008OEHPKM', 'B095W28L78', 'B0BTHP6T2F', 'B0C1GZ3Z4R', 'B08JHZ4D9M', 'B08B3LZNRP', 'B00Q2XHECQ', 'B095J7GKQ2', 'B0832V7FJ6', 'B07GVR1XLS', 'B08BKY3KVL', 'B0CHYFK238', 'B07ZH5JR1J', 'B09HW4QC3Y', 'B0B9MFXJW4', 'B0BK89447W']"
"Headphones, Earbuds & Accessories","['B0BGSF52LR', 'B0BK8QY1JB', 'B07WWN97S7', 'B074DCYH31', 'B08YYK8FJN', 'B0D4QFJHC3', 'B0C6JMP9LH', 'B0BWF13TPQ', 'B0C1GZ3Z4R', 'B0CHYFK238']"
Earpads,"['B0BGSF52LR', 'B0BWF13TPQ']"
Beauty & Personal Care,"['B08XMPKJ1L', 'B07PX6QSH2', 'B002LA22P8', 'B0C7MTQ2WM', 'B00NPA2WEY', 'B009W7LW4U', 'B0CN8XV3SZ', 'B0BXD59XYK', 'B009AWON0W', 'B0018QO7LS', 'B08JSQB7DY', 'B01LMN6D40', 'B0CQQ9M341', 'B01DDW7SLK', 'B0169ZPWUW']"
Skin Care,"['B08XMPKJ1L', 'B0B3X64DV2', 'B0BN3WQB92', 'B0BT7B7P5T', 'B00NPA2WEY', 'B07PDRD1KT', 'B0B4KC8HJG', 'B074J7869B', 'B00WSPJUPG', 'B00K3TVJMQ', 'B01G6KZAJ8', 'B08JV31QW4', 'B09TFQ63ZK']"
Face,"['B08XMPKJ1L', 'B0B3X64DV2', 'B0BN3WQB92', 'B0BT7B7P5T', 'B07PDRD1KT', 'B0B4KC8HJG', 'B074J7869B', 'B00WSPJUPG', 'B00K3TVJMQ', 'B0018QO7LS', 'B08JV31QW4', 'B01LMN6D40', 'B09TFQ63ZK']"
Creams & Moisturizers,['B08XMPKJ1L']
Face Oil,['B08XMPKJ1L']
"Arts, Crafts & Sewing","['B0B8CP57MN', 'B001PT6X8S', 'B0C28SPGJM', 'B0977KXGNH', 'B005ZM8XJS', 'B0B5RK55RD', 'B0BBCW7T1L', 'B0BZYTHDZQ', 'B09YV77Z4F', 'B0CD5FVS8G', 'B003TU057Q', 'B08239C5LR', 'B00WOV23JO', 'B0014ZOSUI', 'B0090B8K8O', 'B07TNPHYNV', 'B0BSD7BQBG', 'B0053A9PKS', 'B0BXHZYYDL', 'B073SPYFMN', 'B093HB7XK3']"
"Organization, Storage & Transport","['B0B8CP57MN', 'B0BSD7BQBG']"
Storage Boxes & Organizers,['B0B8CP57MN']
Power & Hand Tools,"['B001HWGJAK', 'B001D2X9WU', 'B083S6S7VG', 'B09YFS3TR9', 'B084111VK1', 'B0171X0JPE', 'B09G9PJFBR', 'B00TODY7YO', 'B00IZFI0VI', 'B087WV6FXB', 'B0B17FS4ZW', 'B002NQVHRY', 'B07RQKXS98', 'B00XE5LXCM', 'B0069AK8NO', 'B001HWBYB4', 'B005NYXT60', 'B09WMPKGBH', 'B09KBT7FY6', 'B07K52RZRG', 'B002Q0Y5MG', 'B09HTWWXSV', 'B09FK6XXKZ', 'B00ECBYRCK', 'B0BHW1Y5JS', 'B01N9JLDBK', 'B000UYV0WI', 'B0B9HPXNWK', 'B08PYCD4XV', 'B005EXPIO6', 'B005EXO5CC', 'B00LAEOM2M', 'B0058EDMBC', 'B0BLRY7Z69', 'B07N8G6NLK']"
Power Tool Parts & Accessories,"['B001HWGJAK', 'B083S6S7VG', 'B0171X0JPE', 'B00IZFI0VI', 'B0B17FS4ZW', 'B002NQVHRY', 'B07RQKXS98', 'B00XE5LXCM', 'B0069AK8NO', 'B005NYXT60', 'B002Q0Y5MG', 'B09HTWWXSV', 'B00ECBYRCK', 'B0BHW1Y5JS', 'B01N9JLDBK', 'B08PYCD4XV', 'B00LAEOM2M']"
Power Drill Parts & Accessories,"['B001HWGJAK', 'B0171X0JPE', 'B00IZFI0VI', 'B002NQVHRY', 'B07RQKXS98', 'B01N9JLDBK']"
Drill Bits,"['B001HWGJAK', 'B0171X0JPE', 'B00IZFI0VI', 'B002NQVHRY', 'B07RQKXS98']"
Auger Drill Bits,"['B001HWGJAK', 'B002NQVHRY']"
"Clothing, Shoes & Jewelry","['B07PGY6STR', 'B0040AHYGY', 'B00EP7OGI6', 'B07X3SXVFG', 'B079RJS67F', 'B0B2S8LQ8J', 'B0C67PSPXW', 'B08P4MQJC7', 'B00USP3Q4Y', 'B07KTWPYVW', 'B07BF1WFCS', 'B09Q4QN3SZ', 'B01N4J0LP8', 'B07PFW15GC', 'B08JHJZJ8V', 'B01E98CRCW', 'B08HHJSNM9', 'B00BY1UKJK', 'B09WYCR8H4', 'B08CWLGRJD', 'B07YNL43GK', 'B01J4GXEA8', 'B0BCH2FH5H', 'B09QV3PWGZ', 'B07VNL38HM', 'B007PBHBCW', 'B09KTDVVLX', 'B0948S3DS9', 'B08J9531QT', 'B01CS6V0SE', 'B09KC3KT1J', 'B079TY3V1S', 'B0064U0DYS', 'B08JMD4LMM', 'B004I5NVFY', 'B09H616MGV', 'B0B2X3DH8Q', 'B00KBZQEAE', 'B0842TJVCW', 'B096VXXDKJ', 'B08QGM47L2', 'B09WR6Z67Z', 'B07BFP4PZ7', 'B0789XSG38', 'B01L1BYSUO', 'B0BTSP7RJW', 'B00QTIMWLM', 'B09PNSHSGS', 'B08BPBG6HX', 'B07X8QTFD8', 'B08LYJ1VCK', 'B01J4MMPJS', 'B07N11DQ9S', 'B082HGJFB7', 'B004WQR4J8', 'B07KM3R7BP', 'B07S8NRRWR', 'B08TKN9CWF', 'B08HQLGH11', 'B08JCWNNNW', 'B07ZGGNGPY', 'B079GSGX9N', 'B09TWW1N6J', 'B08XFDYNKJ', 'B08NWCV4M4', 'B07XF5J7DK', 'B0C6N5K9FJ', 'B07GH7WZR6', 'B01KBEY1P4', 'B088SL9M27', 'B093LSW6GT', 'B097BK5V34', 'B0BRF3STLH', 'B01N9SFH0B', 'B0CBL92PGJ', 'B08ZXWMVCP', 'B00S3UUN0G', 'B08RHPKJCQ', 'B08PK9XYZJ', 'B08CXGTXN1', 'B07YGGBZ18', 'B086ZMC5W7', 'B08V6GWSQ4', 'B005MFI3SO', 'B0968YVLQ8', 'B086145R2W', 'B093QJ39ZS', 'B099S8HJ4F', 'B07QYGJQLY', 'B095GG6QDN', 'B002SY96AQ', 'B0C6KZM3FK', 'B013HM9VMK', 'B097SRZW1L', 'B08TR8LR6V', 'B07B812XX9', 'B09VXHQ8QK', 'B08F9NV1X2', 'B016QAN2RA', 'B08BTYWSGF', 'B01NBOPVKW', 'B08FZXZTMY', 'B094C1J77Y', 'B09P8H7K1Y', 'B07KQCBT7Z', 'B0815MWTRS', 'B079FGDSVH', 'B081CPNNSB', 'B09Q15QQTN', 'B08LNZBWHP', 'B07NQK177L', 'B004W178EY', 'B09BWW3SY1', 'B08T121NG6', 'B00J65R5Q2', 'B07YDM2NF9', 'B0BVV7BKTW', 'B00U4ADYCM', 'B076BP7CBZ', 'B093FZZLR6', 'B076PFFTQD', 'B0BVZ1MLB9', 'B08WPMQWJQ', 'B071X92YTG', 'B003JH8SU0', 'B07YXNN2G1', 'B08Z7462W4', 'B000KCZQZ2', 'B09D968LVX', 'B00XBBA834', 'B08P63FLH3', 'B08SX7WH8H', 'B0CHBGFQY5', 'B09KHX7J9L', 'B07BL2HT5N', 'B08CXLD6F5', 'B0916XWRY3', 'B08PCD9HCW', 'B093B1PR53', 'B07W5TLD7C', 'B092RD98M5', 'B088JN6DD6', 'B07K5511N7', 'B00S54UH1A', 'B09WD9NVG5', 'B09FRWLNDC', 'B0C1G8TCH5']"
Women,"['B07PGY6STR', 'B00LMTKUU8', 'B00EP7OGI6', 'B07X3SXVFG', 'B0C67PSPXW', 'B08P4MQJC7', 'B07KTWPYVW', 'B01E98CRCW', 'B08HHJSNM9', 'B00BY1UKJK', 'B09WYCR8H4', 'B01J4GXEA8', 'B0BCH2FH5H', 'B09QV3PWGZ', 'B07VNL38HM', 'B09KTDVVLX', 'B0948S3DS9', 'B09KC3KT1J', 'B09H616MGV', 'B0B2X3DH8Q', 'B0842TJVCW', 'B096VXXDKJ', 'B08QGM47L2', 'B09WR6Z67Z', 'B07BFP4PZ7', 'B01L1BYSUO', 'B0BTSP7RJW', 'B00QTIMWLM', 'B082HGJFB7', 'B004WQR4J8', 'B08TKN9CWF', 'B08HQLGH11', 'B08JCWNNNW', 'B07ZGGNGPY', 'B079GSGX9N', 'B08XFDYNKJ', 'B08NWCV4M4', 'B07GH7WZR6', 'B088SL9M27', 'B01N9SFH0B', 'B0CBL92PGJ', 'B00S3UUN0G', 'B005MFI3SO', 'B086145R2W', 'B099S8HJ4F', 'B095GG6QDN', 'B002SY96AQ', 'B097SRZW1L', 'B07B812XX9', 'B09VXHQ8QK', 'B08FZXZTMY', 'B094C1J77Y', 'B09P8H7K1Y', 'B081CPNNSB', 'B004W178EY', 'B09BWW3SY1', 'B08T121NG6', 'B08HJRTRG3', 'B0BVZ1MLB9', 'B003JH8SU0', 'B08Z7462W4', 'B000KCZQZ2', 'B09D968LVX', 'B09KHX7J9L', 'B0916XWRY3', 'B08PCD9HCW', 'B093B1PR53', 'B092RD98M5', 'B088JN6DD6', 'B07K5511N7']"
Clothing,"['B07PGY6STR', 'B00EP7OGI6', 'B07X3SXVFG', 'B0B2S8LQ8J', 'B08P4MQJC7', 'B00USP3Q4Y', 'B07PFW15GC', 'B08JHJZJ8V', 'B07DWWWN3Q', 'B01E98CRCW', 'B01HEONU10', 'B09WYCR8H4', 'B01J4GXEA8', 'B0BCH2FH5H', 'B09QV3PWGZ', 'B07VNL38HM', 'B09KTDVVLX', 'B0948S3DS9', 'B08J9531QT', 'B09KC3KT1J', 'B004I5NVFY', 'B00KBZQEAE', 'B096VXXDKJ', 'B09WR6Z67Z', 'B07BFP4PZ7', 'B0BTSP7RJW', 'B00QTIMWLM', 'B09PNSHSGS', 'B08BPBG6HX', 'B082HGJFB7', 'B08HQLGH11', 'B079GSGX9N', 'B07XF5J7DK', 'B01N9SFH0B', 'B00S3UUN0G', 'B08RHPKJCQ', 'B07YGGBZ18', 'B005MFI3SO', 'B086145R2W', 'B099S8HJ4F', 'B095GG6QDN', 'B097SRZW1L', 'B08F9NV1X2', 'B08BTYWSGF', 'B08FZXZTMY', 'B09P8H7K1Y', 'B07KQCBT7Z', 'B079FGDSVH', 'B08LNZBWHP', 'B07NQK177L', 'B09BWW3SY1', 'B00J65R5Q2', 'B07YDM2NF9', 'B093FZZLR6', 'B076PFFTQD', 'B0BVZ1MLB9', 'B08WPMQWJQ', 'B071X92YTG', 'B07YXNN2G1', 'B09D968LVX', 'B08P63FLH3', 'B08SX7WH8H', 'B09KHX7J9L', 'B093B1PR53', 'B092RD98M5', 'B088JN6DD6', 'B07K5511N7', 'B09WD9NVG5', 'B09FRWLNDC']"
Active,"['B07PGY6STR', 'B07X3SXVFG', 'B0B2S8LQ8J', 'B0BCH2FH5H', 'B09KTDVVLX', 'B08J9531QT', 'B08RHPKJCQ', 'B095GG6QDN', 'B08LNZBWHP', 'B07YXNN2G1', 'B09D968LVX', 'B088JN6DD6', 'B09WD9NVG5', 'B09FRWLNDC']"
Leggings,"['B07PGY6STR', 'B0BCH2FH5H', 'B09PNSHSGS', 'B08JCWNNNW']"
Headphones & Earbuds,"['B0BK8QY1JB', 'B07WWN97S7', 'B0D4QFJHC3', 'B0C6JMP9LH', 'B0C1GZ3Z4R', 'B0CHYFK238']"
On-Ear Headphones,['B0BK8QY1JB']
Accessories,"['B00LMTKUU8', 'B0816LQ1DL', 'B091GSNZ8Z', 'B0BW2T7S4H', 'B0CCW73KL3', 'B007PBHBCW', 'B0784SSRZS', 'B09WD4QYFM', 'B09KXCVYQ6', 'B09ZBM2MLY', 'B08LYJ1VCK', 'B08C9B56HL', 'B09C6SKF7Q', 'B08XMD52LX', 'B0BWL2X8KZ', 'B0C3PQ7JJ9', 'B01KBEY1P4', 'B075454YKR', 'B0BF918VFZ', 'B0BBTB55BF', 'B0BZRQPJ4B', 'B08V6GWSQ4', 'B001UO05YG', 'B08SBVRYVH', 'B08TR8LR6V', 'B09VXHQ8QK', 'B074YQP3M8', 'B0C4H1137B', 'B0C98DJQ6X', 'B08B3LZNRP', 'B0C993RWCD', 'B0BXFFQ9XW', 'B001J221JQ', 'B09LGYJ5F4', 'B0B1M1GQQW', 'B07L8L39RX', 'B08BWNHWTJ', 'B0BMLST3SZ', 'B0BQ22LH2H']"
Scarves & Wraps,['B00LMTKUU8']
Health & Household,"['B0CN8RQYDG', 'B003HLZ3IS', 'B00O85SSK2', 'B00O3BLNGM', 'B00GKQOW70', 'B079BFJKWF', 'B08MVQ9SPX', 'B0BKFTMXJ7', 'B002Y27MRQ', 'B01LMP2MG6', 'B0018AG0RS', 'B018KV9N4O', 'B015YZUT1K', 'B002LMWRSS', 'B072JN1K8G', 'B06ZYKZ3VS', 'B08796TCS8', 'B08KG2S578', 'B094RHL4CT', 'B004NG90C6', 'B01AX90IYK', 'B09R2LK61P', 'B016SCF5XK', 'B018WSR9N2']"
Household Supplies,"['B0CN8RQYDG', 'B00O3BLNGM', 'B08MVQ9SPX', 'B0018AG0RS', 'B072JN1K8G', 'B004NG90C6', 'B09R2LK61P']"
Paper & Plastic,"['B0CN8RQYDG', 'B0018AG0RS', 'B004NG90C6']"
"Disposable Plates, Bowls & Cutlery","['B0CN8RQYDG', 'B0018AG0RS']"
Plates,"['B0CN8RQYDG', 'B0018AG0RS']"
Hand Tools,"['B001D2X9WU', 'B09YFS3TR9', 'B09G9PJFBR', 'B087WV6FXB', 'B001HWBYB4', 'B09WMPKGBH', 'B09KBT7FY6', 'B000UYV0WI', 'B0B9HPXNWK', 'B005EXPIO6', 'B005EXO5CC', 'B0058EDMBC', 'B0BLRY7Z69', 'B07N8G6NLK']"
Wrenches,"['B001D2X9WU', 'B001HWBYB4', 'B0B9HPXNWK', 'B005EXPIO6']"
Socket Wrenches,['B001D2X9WU']
Battery Packs & Chargers,"['B083S6S7VG', 'B002Q0Y5MG']"
Battery Packs,['B083S6S7VG']
"Knives, Parts & Accessories","['B09YFS3TR9', 'B09G9PJFBR', 'B087WV6FXB']"
Knives,"['B09YFS3TR9', 'B09G9PJFBR', 'B087WV6FXB']"
Utility Knives,['B09YFS3TR9']
"Painting, Drawing & Art Supplies","['B001PT6X8S', 'B0BBCW7T1L', 'B0BZYTHDZQ', 'B003TU057Q', 'B0014ZOSUI', 'B073SPYFMN']"
Painting,"['B001PT6X8S', 'B0BBCW7T1L', 'B0BZYTHDZQ', 'B003TU057Q', 'B0014ZOSUI']"
Paints,"['B001PT6X8S', 'B003TU057Q', 'B0014ZOSUI']"
Cell Phones & Accessories,"['B09M99SBQ3', 'B0816LQ1DL', 'B0BW2T7S4H', 'B0784SSRZS', 'B08C9B56HL', 'B09C6SKF7Q', 'B09B26QQJ8', 'B08XMD52LX', 'B0CSDZ2YLC', 'B0939K5M9Q', 'B08PQMTGHG', 'B08R97JZQ9', 'B0BF918VFZ', 'B0BBTB55BF', 'B0BZRQPJ4B', 'B074YQP3M8', 'B09G98L84Y', 'B0C4H1137B', 'B0C98DJQ6X', 'B0C993RWCD', 'B09LGYJ5F4', 'B0B1M1GQQW', 'B07L8L39RX', 'B08BWNHWTJ']"
"Cases, Holsters & Sleeves","['B09M99SBQ3', 'B09B26QQJ8', 'B0CSDZ2YLC', 'B08PQMTGHG', 'B08R97JZQ9', 'B09G98L84Y']"
Basic Cases,"['B09M99SBQ3', 'B09B26QQJ8', 'B08R97JZQ9']"
Shave & Hair Removal,['B07PX6QSH2']
Women's,"['B07PX6QSH2', 'B009W7LW4U', 'B009AWON0W']"
"Epilators, Groomers & Trimmers",['B07PX6QSH2']
Epilators,['B07PX6QSH2']
"Patio, Lawn & Garden","['B0C1HSC43Y', 'B002WKK86M', 'B0BTH8F4CV', 'B07MQ3C8G3', 'B008KJKA9O', 'B0CMSQZGLC', 'B085ZLLWBQ', 'B01N6OBLAN', 'B0CHP3XNVD', 'B083CBSNQ5', 'B01LBBSUGW', 'B076MFM8LX', 'B0BVYTPSHN', 'B0C65PQ511', 'B01K119TPY', 'B0BL6RM9WX', 'B0C2423WKH', 'B00GQTYJJM', 'B001J221JQ', 'B085ZSGPXB', 'B08S454V79', 'B07D4R3BLR']"
"Pools, Hot Tubs & Supplies","['B0C1HSC43Y', 'B002WKK86M', 'B008KJKA9O']"
Parts & Accessories,"['B0C1HSC43Y', 'B00VJ53YT4', 'B015RWPR30', 'B0788C7C7M', 'B00LQDDMUK', 'B0CJXKM5B4', 'B08PBXFL1W']"
"Slides, Ladders & Diving Boards",['B0C1HSC43Y']
Pool Ladders,['B0C1HSC43Y']
"Vitamins, Minerals & Supplements","['B003HLZ3IS', 'B00O85SSK2', 'B00GKQOW70', 'B002Y27MRQ', 'B002LMWRSS', 'B016SCF5XK', 'B018WSR9N2']"
Vitamins,"['B003HLZ3IS', 'B016SCF5XK']"
Multivitamins,['B003HLZ3IS']
Boot Shop,"['B0040AHYGY', 'B004W178EY']"
Men,"['B0040AHYGY', 'B079RJS67F', 'B0B2S8LQ8J', 'B00USP3Q4Y', 'B07BF1WFCS', 'B01N4J0LP8', 'B07PFW15GC', 'B08JHJZJ8V', 'B01HEONU10', 'B08CWLGRJD', 'B07YNL43GK', 'B007PBHBCW', 'B08J9531QT', 'B079TY3V1S', 'B0064U0DYS', 'B08JMD4LMM', 'B004I5NVFY', 'B00KBZQEAE', 'B0789XSG38', 'B07X8QTFD8', 'B08LYJ1VCK', 'B07KM3R7BP', 'B07S8NRRWR', 'B09TWW1N6J', 'B07XF5J7DK', 'B093LSW6GT', 'B097BK5V34', 'B0BRF3STLH', 'B08ZXWMVCP', 'B08RHPKJCQ', 'B08PK9XYZJ', 'B086ZMC5W7', 'B08V6GWSQ4', 'B0968YVLQ8', 'B013HM9VMK', 'B08TR8LR6V', 'B08F9NV1X2', 'B08BTYWSGF', 'B01NBOPVKW', 'B07KQCBT7Z', 'B0815MWTRS', 'B08LNZBWHP', 'B07YDM2NF9', 'B00U4ADYCM', 'B093FZZLR6', 'B071X92YTG', 'B08P63FLH3', 'B08SX7WH8H', 'B0CHBGFQY5', 'B07BL2HT5N', 'B09WD9NVG5', 'B0C1G8TCH5']"
Fashion,"['B0040AHYGY', 'B004W178EY']"
Western,"['B0040AHYGY', 'B004W178EY']"
Herbal Supplements,"['B00O85SSK2', 'B002Y27MRQ']"
Echinacea,['B00O85SSK2']
Light Bulbs,"['B0BBFYRJCD', 'B0889KTLXJ', 'B003ILD1RW', 'B076DGDMD6']"
LED Bulbs,"['B0BBFYRJCD', 'B076DGDMD6']"
Lights & Lighting Accessories,"['B0BTNL5FZK', 'B0BD5JCZH3', 'B0C17SKJ77', 'B0CNRJHVNV']"
Accent & Off Road Lighting,['B0BTNL5FZK']
LED & Neon Lights,['B0BTNL5FZK']
Neon Accent Lights,['B0BTNL5FZK']
Sports & Outdoors,"['B0CBLGHG1F', 'B0BXTD29M5', 'B091GSNZ8Z', 'B07DWWWN3Q', 'B0CW5RQM3R', 'B09H2C4197', 'B09338BBCG', 'B07BW53Z3R', 'B0CKV4ZN8G', 'B07BMD1KTN', 'B09WJYQ6NG', 'B09R6N931G', 'B086SFX4VP', 'B086VZLS12', 'B00VJ53YT4', 'B0793NMRJB', 'B09KXCVYQ6', 'B0892S4L29', 'B08X9FK4RB', 'B07Q7ZBZ4M', 'B09P88G1PJ', 'B08SMMWPCJ', 'B0BXWV1BZ7', 'B07G29G9R9', 'B00GUO5T3S', 'B09K3W89ZP', 'B000WXNXRM', 'B002V2XSTA', 'B0CP496N9T', 'B07NLKLFNB', 'B01LXPH452', 'B0B4BQ25DN', 'B08R6LF7PM', 'B08THH211Y', 'B0CQTSWZK2', 'B0BWL2X8KZ', 'B0CXSRR2Y1', 'B0CTPYZV3J', 'B0C3PQ7JJ9', 'B004UOVD2G', 'B0C8B2CJMP', 'B0CXSFX685', 'B07D37V3PQ', 'B08KB43G56', 'B0BB9SSGHP', 'B09BQWLGHB', 'B0CTR4RQDT', 'B0CC5YDQ7M', 'B00T3QA0B6', 'B001C67HCK', 'B07CVSD9TG', 'B087LTRMG6', 'B0B4WN4FT4', 'B073C9VDJR', 'B0CYGZK3PL', 'B07DMBTFDC', 'B08NW4N1R1', 'B0BD547MTG', 'B016N09IXK', 'B0BXFFQ9XW', 'B08FD9XQYY', 'B09J1LNKNM', 'B09QQTX1H8', 'B0CKV4ZJ2Z', 'B082NP96XX', 'B0BG97MF2P', 'B0CZ87GYJT', 'B072HC3QH4', 'B077P6TTXD', 'B087BG8ZYJ', 'B09DKKWRJT', 'B0C7BP6VR1', 'B0776W7JM5']"
Exercise & Fitness,"['B0CBLGHG1F', 'B091GSNZ8Z', 'B0CW5RQM3R', 'B09WJYQ6NG', 'B09K3W89ZP', 'B0CP496N9T', 'B0BWL2X8KZ', 'B0BXFFQ9XW']"
Strength Training Equipment,"['B0CBLGHG1F', 'B09WJYQ6NG', 'B09K3W89ZP', 'B0CP496N9T']"
Weights & Accessories,"['B0CBLGHG1F', 'B09K3W89ZP']"
Dumbbells,"['B0CBLGHG1F', 'B09K3W89ZP']"
"Paint, Wall Treatments & Supplies","['B0BWN2DTJD', 'B00CEHFC96', 'B07KG2G1HD', 'B00422MR12', 'B00CBJWBPU']"
Wallpaper & Wallpapering Supplies,['B0BWN2DTJD']
3D Wall Panels,['B0BWN2DTJD']
Home & Kitchen,"['B0CY242B8P', 'B099H8N6MN', 'B006BNBPYU', 'B01D1S4KD0', 'B081WRHSJM', 'B077J6HPCB', 'B01LWP349M', 'B0BKRTSK7P', 'B08BJHMY33', 'B0824S6WK9', 'B08BG7QL1R', 'B01GPNHFGW', 'B07DWC3HPP', 'B004GXB5YM', 'B08PK7W23K', 'B094CL8WBB', 'B09SFNRL6W', 'B0C27FDK63', 'B08JHHG53C', 'B0BBLY9PTQ', 'B0BB7GVRM3', 'B078JXHTWR', 'B01EZ9WR34', 'B08N1KL9SM', 'B08HYP268Z', 'B0CCF3XQ57', 'B093BL5Y99', 'B08DVVYW3S', 'B08B1HXYPV', 'B008NMOKIK', 'B09Y69LVTS', 'B07YNNJGNP', 'B09C8K67W6', 'B08LNZVH7K', 'B07WX7ZFX4', 'B0CFQJJXZK', 'B08J8GVXP8', 'B0BZSBGD3B', 'B0C5J54Q7D', 'B09NWJGKP1', 'B0788C7C7M', 'B0CDBZ4XH4', 'B08R3VTPCS', 'B08PVWG32T', 'B003SA0HI4', 'B0725RVTBQ', 'B09KXY2GKH', 'B0BJFP55ZG', 'B09WZVBKZD', 'B00WDE24G4', 'B09PL9TS8V', 'B0BXNWPRSX', 'B0CLYQYP1Q', 'B0C4GWXLVM', 'B0B52J2J4X', 'B0C9M435B5', 'B0B1MN31C7', 'B07HJLDLRN', 'B094FJQ6QM', 'B00N24LO2O', 'B098CDW2V3', 'B09FZT5BYV', 'B0CQR57RL5', 'B012SKEA1O', 'B07QCCGWGS', 'B08XLXVGGW', 'B09WN2MVVP', 'B095PGKMDH', 'B0989ZCGH6', 'B09JCLB24V', 'B0B4FSMH1B', 'B08NY4LRLY', 'B09NPW43QY', 'B0BVBB72L5', 'B0CBZ64CZW', 'B0CDGGC57K', 'B0CJXKM5B4', 'B07H4F1W4S', 'B08RN8B5YL', 'B08M36B5JZ', 'B0C6DWCBQG', 'B0C9C8QYD9', 'B0792K6SH6', 'B09V63FPZZ', 'B092TZXDJT', 'B09SFQPXMB', 'B07L3SWQRX', 'B08CS35J2T', 'B00CPSF2U8', 'B09C85ZRQT', 'B09JJ1NK1M', 'B079L7YGH3', 'B0C4GJ66JL', 'B08Z5YKZPR', 'B00XQDCG1Y', 'B097Q4B1N2', 'B0BMQ3DP3Y', 'B07WSMJ7K9', 'B08NW4N1R1', 'B01D4DHWQ4', 'B07L19BHH6', 'B07RH8N56Q', 'B016N09IXK', 'B09J1LNKNM', 'B0957N9LN6', 'B07SS833K7', 'B088CP6VMP', 'B07T7KN9NY', 'B09ZQHBZM2', 'B08GJQJLWM', 'B08BDHLCS5', 'B07J9RCLCZ', 'B0CC17TDSQ', 'B01F7QECQE', 'B0D3PRP6ZC', 'B071F8YM4V', 'B09NM18BH3', 'B0BNCGV28T', 'B09VL925TR', 'B00BLA4Z4K', 'B09V6S1D5S', 'B07VDCY1HD', 'B09JDVBJ2W', 'B0C6QFMJRP', 'B07Q5VTN34', 'B001CQEY3K', 'B0BQ22LH2H', 'B0CQ43MLGW', 'B0C3C56XMC', 'B085NWKYJX']"
Home Décor Products,"['B0CY242B8P', 'B006BNBPYU', 'B01GPNHFGW', 'B08JHHG53C', 'B0BBLY9PTQ', 'B08N1KL9SM', 'B08LNZVH7K', 'B09KXY2GKH', 'B09PL9TS8V', 'B0BXNWPRSX', 'B0CLYQYP1Q', 'B094FJQ6QM', 'B0B4FSMH1B', 'B09NPW43QY', 'B07H4F1W4S', 'B08RN8B5YL', 'B0C6DWCBQG', 'B0792K6SH6', 'B07L3SWQRX', 'B079L7YGH3', 'B0C4GJ66JL', 'B00XQDCG1Y', 'B097Q4B1N2', 'B07L19BHH6', 'B088CP6VMP', 'B09ZQHBZM2', 'B09VL925TR', 'B0BQ22LH2H', 'B0CQ43MLGW']"
Home Décor Accents,"['B0CY242B8P', 'B08JHHG53C', 'B09KXY2GKH', 'B0CLYQYP1Q', 'B0792K6SH6']"
Wreaths,['B0CY242B8P']
Furniture,"['B099H8N6MN', 'B0BKRTSK7P', 'B07DWC3HPP', 'B0C27FDK63', 'B0CFQJJXZK', 'B0CDBZ4XH4', 'B003SA0HI4', 'B0C4GWXLVM', 'B0B1MN31C7', 'B012SKEA1O', 'B0989ZCGH6', 'B08NY4LRLY', 'B0CDGGC57K', 'B0C58J3Z3R', 'B08CS35J2T', 'B01D4DHWQ4', 'B0957N9LN6', 'B08GJQJLWM', 'B0D3PRP6ZC', 'B071F8YM4V', 'B09V6S1D5S', 'B07VDCY1HD']"
Living Room Furniture,"['B099H8N6MN', 'B0BKRTSK7P', 'B0C27FDK63', 'B0CDBZ4XH4', 'B0C4GWXLVM', 'B0B1MN31C7', 'B01D4DHWQ4', 'B071F8YM4V']"
"Bean Bags, Covers & Refills",['B099H8N6MN']
Bean Bags,['B099H8N6MN']
Cleaning Tools & Chemicals,"['B002WKK86M', 'B008KJKA9O']"
Chemicals & Water Testing Products,"['B002WKK86M', 'B008KJKA9O']"
Chlorine,['B002WKK86M']
"Lingerie, Sleep & Lounge","['B00EP7OGI6', 'B01J4GXEA8', 'B09QV3PWGZ', 'B07VNL38HM', 'B096VXXDKJ', 'B00QTIMWLM', 'B01N9SFH0B', 'B005MFI3SO', 'B099S8HJ4F', 'B09BWW3SY1', 'B07K5511N7']"
Lingerie,"['B00EP7OGI6', 'B09QV3PWGZ', 'B07VNL38HM', 'B096VXXDKJ', 'B00QTIMWLM', 'B01N9SFH0B', 'B099S8HJ4F', 'B09BWW3SY1', 'B07K5511N7']"
Panties,['B00EP7OGI6']
Hipsters,['B00EP7OGI6']
Gardening & Lawn Care,"['B0BTH8F4CV', 'B0CMSQZGLC', 'B01K119TPY', 'B001J221JQ', 'B085ZSGPXB']"
Plant Support Structures,['B0BTH8F4CV']
Trellises,['B0BTH8F4CV']
"Maintenance, Upkeep & Repairs","['B0816LQ1DL', 'B0BW2T7S4H', 'B09C6SKF7Q', 'B08XMD52LX', 'B0BBTB55BF', 'B08BWNHWTJ']"
Replacement Parts,"['B0816LQ1DL', 'B000BZG75Q', 'B08XMD52LX', 'B0C61L747J', 'B07MHJK2MP', 'B0B1373CQD', 'B0747ZWCGN', 'B095C8Q1X6', 'B07GZJT61Z', 'B0126MEK3C', 'B0BSLFGTWK']"
Screens,"['B0816LQ1DL', 'B094V8KXQV']"
Active Shirts & Tees,"['B07X3SXVFG', 'B09D968LVX', 'B09WD9NVG5']"
T-Shirts,"['B07X3SXVFG', 'B09WYCR8H4', 'B00KBZQEAE', 'B08BTYWSGF', 'B09WD9NVG5']"
Kitchen & Dining,"['B00NI4VHL6', 'B01D1S4KD0', 'B081WRHSJM', 'B01LWP349M', 'B004GXB5YM', 'B08PK7W23K', 'B09SFNRL6W', 'B0BB7GVRM3', 'B08HYP268Z', 'B093BL5Y99', 'B08DVVYW3S', 'B09C8K67W6', 'B08J8GVXP8', 'B09NWJGKP1', 'B08R3VTPCS', 'B0725RVTBQ', 'B00WDE24G4', 'B0B52J2J4X', 'B0C9M435B5', 'B07HJLDLRN', 'B00N24LO2O', 'B098CDW2V3', 'B0CQR57RL5', 'B08XLXVGGW', 'B09V63FPZZ', 'B0BMQ3DP3Y', 'B07WSMJ7K9', 'B07T7KN9NY', 'B08BDHLCS5', 'B07J9RCLCZ', 'B00BLA4Z4K', 'B07Q5VTN34', 'B001CQEY3K', 'B0C3C56XMC']"
Small Appliance Parts & Accessories,['B00NI4VHL6']
Coffee & Espresso Machine Parts & Accessories,['B00NI4VHL6']
Coffee & Espresso Machine Cleaning Products,['B00NI4VHL6']
Hardware,"['B0CF1N2HKN', 'B08QMM8K9C', 'B08RYLKT9Y', 'B07PPLX2L5', 'B08C4ZMKP1', 'B09MT3PL2B', 'B0036SZYO0', 'B094V8KXQV', 'B07NC1XM4Y', 'B06XWK47YR', 'B09SJ6HF6X', 'B0BZD39L99', 'B09787TSGN', 'B081DXW82P', 'B0C6PCX1X3', 'B001E5L19O']"
Tarps & Tie-Downs,"['B0CF1N2HKN', 'B09MT3PL2B']"
Bungee Cords,['B0CF1N2HKN']
Motorcycle & Powersports,"['B087YHZPSZ', 'B09WD4QYFM', 'B0051UPEMS', 'B099SM1KPZ', 'B08C4VF68W', 'B08NSX1LN8', 'B08HJRTRG3']"
Parts,"['B087YHZPSZ', 'B0051UPEMS', 'B08NSX1LN8']"
Wheels & Tires,['B087YHZPSZ']
Tires & Accessories,['B087YHZPSZ']
Tires & Inner Tubes,['B087YHZPSZ']
Motorcycle & Scooter,['B087YHZPSZ']
Motorcycle,['B087YHZPSZ']
Street,['B087YHZPSZ']
Sport,['B087YHZPSZ']
Plumbing,"['B01EBLY81U', 'B08BF78G8P', 'B00ITPIG54', 'B0CB5CB7PK', 'B06W553T8Y', 'B00ROB2O0C']"
"Pipes, Pipe Fittings & Accessories","['B01EBLY81U', 'B00ITPIG54', 'B003E63HZM']"
Pipe Heat Cables,['B01EBLY81U']
Computers & Accessories,"['B07QNR7LTH', 'B07SS5Z6TN', 'B0C27P6VC9', 'B0CMCLXJPQ', 'B004YCUDMU', 'B092R6HW7L', 'B0B7QC7HP1', 'B09QM9K9ZR', 'B07882GB18', 'B09NRMRF8R', 'B08P2T35TZ', 'B06XK5Y8SQ', 'B09B3LFDXJ', 'B008R7114W', 'B093WP6PLL', 'B0C2PH15JW', 'B0CHYDX91L', 'B09NBLVKXJ', 'B082H8NVZF', 'B099ZK3ZQ6', 'B00MFD3KZC', 'B008OEHPKM', 'B095W28L78', 'B0BTHP6T2F', 'B08JHZ4D9M', 'B0BK89447W']"
Tablet Accessories,"['B07QNR7LTH', 'B09NRMRF8R', 'B06XK5Y8SQ', 'B093WP6PLL', 'B099ZK3ZQ6', 'B08JHZ4D9M', 'B0BK89447W']"
"Bags, Cases & Sleeves","['B07QNR7LTH', 'B07SS5Z6TN', 'B0C27P6VC9', 'B09QM9K9ZR', 'B07882GB18', 'B09NRMRF8R', 'B06XK5Y8SQ', 'B093WP6PLL', 'B099ZK3ZQ6', 'B08JHZ4D9M', 'B0BK89447W']"
Cases,"['B07QNR7LTH', 'B09NRMRF8R', 'B06XK5Y8SQ', 'B074DCYH31', 'B08YYK8FJN', 'B093WP6PLL', 'B099ZK3ZQ6', 'B08JHZ4D9M', 'B0BK89447W']"
Pet Supplies,"['B00WMMMHNM', 'B09TCZ414H', 'B07BRNJ81Q', 'B0CT2R7ZMT', 'B08R8FRW53', 'B0B3WVR4VQ', 'B003C5RKE4', 'B00IK5UHK0', 'B093K2NDS2', 'B09RSSM4R7', 'B007QW6NQ0', 'B0CBQW9MF1', 'B0CP3LQSWM', 'B018F3ZEYK', 'B07PV6YWYV', 'B07L5GK29S', 'B0041KSU16', 'B0C2CJH9QD', 'B09GF8GBF6', 'B09KY5J71D', 'B06XFLHM81', 'B01MYUYX33', 'B0BX7C1PKZ', 'B095W5XWXV']"
Dogs,"['B00WMMMHNM', 'B07BRNJ81Q', 'B08R8FRW53', 'B0B3WVR4VQ', 'B003C5RKE4', 'B093K2NDS2', 'B007QW6NQ0', 'B0CBQW9MF1', 'B0CP3LQSWM', 'B07PV6YWYV', 'B0041KSU16', 'B09GF8GBF6', 'B09KY5J71D', 'B06XFLHM81', 'B01MYUYX33', 'B0BX7C1PKZ', 'B095W5XWXV']"
Flea & Tick Control,['B00WMMMHNM']
Flea & Tick Collars,['B00WMMMHNM']
"Rugs, Pads & Protectors","['B006BNBPYU', 'B08N1KL9SM', 'B08LNZVH7K', 'B07H4F1W4S', 'B00XQDCG1Y']"
Area Rugs,"['B006BNBPYU', 'B08N1KL9SM', 'B08LNZVH7K', 'B07H4F1W4S', 'B08NW4N1R1']"
Office Products,"['B00I28F9UI', 'B00CRDV77S', 'B091Y7B6N2', 'B09QM2BMPG', 'B016MGVQ6C', 'B002XK2OW2', 'B00INKVS82', 'B00JPBZOJ2', 'B07W58LMND', 'B07S8QPD3S', 'B08T1QN2YR', 'B09B1W2SLB', 'B0036DDT5G', 'B004E2RQ3E', 'B00006IEBL', 'B093BDK1TV', 'B0CQTMGXHD', 'B07DZTQ91Q', 'B08D3LQ3TZ', 'B00I35Z6JY', 'B00N3C89RS', 'B0B5TFY2W4', 'B074J6BC6J', 'B0881GXHSC', 'B08QMCQYGM', 'B07XQHNY45', 'B09G5RGHKS', 'B09QDT9KJ3', 'B07D74C51K', 'B0BDD46HFV', 'B000FNDCC0', 'B0BBQG6M9Y', 'B015G7T7UA', 'B0053TTXVU', 'B08K8S5DWT']"
Office & School Supplies,"['B00I28F9UI', 'B00CRDV77S', 'B091Y7B6N2', 'B09QM2BMPG', 'B002XK2OW2', 'B00INKVS82', 'B07W58LMND', 'B07S8QPD3S', 'B08T1QN2YR', 'B09B1W2SLB', 'B0036DDT5G', 'B004E2RQ3E', 'B00006IEBL', 'B093BDK1TV', 'B0CQTMGXHD', 'B07DZTQ91Q', 'B00I35Z6JY', 'B00N3C89RS', 'B0B5TFY2W4', 'B074J6BC6J', 'B0881GXHSC', 'B08QMCQYGM', 'B09QDT9KJ3', 'B07D74C51K', 'B000FNDCC0', 'B0BBQG6M9Y', 'B015G7T7UA', 'B0053TTXVU']"
Staplers & Punches,['B00I28F9UI']
Manual Staplers,['B00I28F9UI']
Desktop Staplers,['B00I28F9UI']
"Tissues, Toilet Paper & Sprays",['B00O3BLNGM']
Toilet Paper,['B00O3BLNGM']
Sports,"['B0BXTD29M5', 'B09H2C4197', 'B07BW53Z3R', 'B07BMD1KTN', 'B09R6N931G', 'B086VZLS12', 'B00VJ53YT4', 'B0892S4L29', 'B09P88G1PJ', 'B08SMMWPCJ', 'B0BXWV1BZ7', 'B07G29G9R9', 'B00GUO5T3S', 'B002V2XSTA', 'B0B4BQ25DN', 'B0CQTSWZK2', 'B0CXSRR2Y1', 'B0CTPYZV3J', 'B0C3PQ7JJ9', 'B004UOVD2G', 'B0C8B2CJMP', 'B0CXSFX685', 'B07D37V3PQ', 'B08KB43G56', 'B0BB9SSGHP', 'B09BQWLGHB', 'B0CTR4RQDT', 'B00T3QA0B6', 'B001C67HCK', 'B087LTRMG6', 'B0B4WN4FT4', 'B0CYGZK3PL', 'B0BD547MTG', 'B09QQTX1H8', 'B082NP96XX', 'B0BG97MF2P', 'B0CZ87GYJT', 'B072HC3QH4', 'B0C7BP6VR1']"
Water Sports,"['B0BXTD29M5', 'B0892S4L29', 'B07D37V3PQ', 'B0CYGZK3PL', 'B09QQTX1H8', 'B0C7BP6VR1']"
Swimming,"['B0BXTD29M5', 'B0CYGZK3PL']"
Training Equipment,"['B0BXTD29M5', 'B0CYGZK3PL']"
Training Fins,['B0BXTD29M5']
Beading & Jewelry Making,"['B0C28SPGJM', 'B0B5RK55RD', 'B09YV77Z4F', 'B0CD5FVS8G']"
Jewelry Findings,['B0C28SPGJM']
Jewelry Making Chains,['B0C28SPGJM']
Outdoor Décor,"['B07MQ3C8G3', 'B0CHP3XNVD', 'B00GQTYJJM', 'B07D4R3BLR']"
Flags,"['B07MQ3C8G3', 'B004UOVD2G', 'B00GQTYJJM']"
Crafting,"['B0977KXGNH', 'B0090B8K8O', 'B07TNPHYNV']"
Craft Supplies,"['B0977KXGNH', 'B0090B8K8O', 'B07TNPHYNV']"
Adhesives,['B0977KXGNH']
Adhesive Sheets & Sprays,['B0977KXGNH']
Adhesive Sprays,['B0977KXGNH']
Face Masks,['B0B3X64DV2']
Lighting Accessories,['B0C3GRM19Y']
Lighting Chains,['B0C3GRM19Y']
Cookware,"['B01D1S4KD0', 'B08J8GVXP8', 'B00N24LO2O', 'B00BLA4Z4K']"
Pots & Pans,"['B01D1S4KD0', 'B08J8GVXP8', 'B00N24LO2O', 'B00BLA4Z4K']"
Saucepans,"['B01D1S4KD0', 'B08J8GVXP8']"
Cats,"['B09TCZ414H', 'B0CT2R7ZMT', 'B00IK5UHK0', 'B018F3ZEYK', 'B07L5GK29S']"
"Cat Doors, Steps, Nets & Pens",['B09TCZ414H']
Cat Doors,['B09TCZ414H']
Laptop Accessories,"['B07SS5Z6TN', 'B0C27P6VC9', 'B09QM9K9ZR', 'B07882GB18', 'B0CHYDX91L', 'B095W28L78']"
Hard Shell Cases,['B07SS5Z6TN']
Pool Clarifiers & Enzymes,['B008KJKA9O']
CDs & Vinyl,"['B002NOYX1S', 'B00VRMEOKW']"
Jazz,['B002NOYX1S']
Cool Jazz,['B002NOYX1S']
Bakeware,"['B081WRHSJM', 'B0B52J2J4X']"
Pastry & Baking Molds,['B081WRHSJM']
Brioche Pans,['B081WRHSJM']
Interior Accessories,"['B009B9H8ME', 'B0B716WM88', 'B0932HMW1G', 'B0C5D3196C', 'B08ZKXX16F', 'B08LQYNVNP', 'B08DK7LP8B']"
Sun Protection,['B009B9H8ME']
Sunshades,['B009B9H8ME']
Windshield Sunshades,['B009B9H8ME']
Shoes,"['B079RJS67F', 'B0C67PSPXW', 'B07KTWPYVW', 'B07BF1WFCS', 'B09Q4QN3SZ', 'B01N4J0LP8', 'B07YNL43GK', 'B0064U0DYS', 'B08JMD4LMM', 'B0B2X3DH8Q', 'B0842TJVCW', 'B01L1BYSUO', 'B07X8QTFD8', 'B07N11DQ9S', 'B004WQR4J8', 'B07KM3R7BP', 'B07S8NRRWR', 'B08TKN9CWF', 'B07ZGGNGPY', 'B09TWW1N6J', 'B08XFDYNKJ', 'B08NWCV4M4', 'B0C6N5K9FJ', 'B07GH7WZR6', 'B088SL9M27', 'B093LSW6GT', 'B097BK5V34', 'B097BK5V34', 'B0BRF3STLH', 'B0CBL92PGJ', 'B08ZXWMVCP', 'B08PK9XYZJ', 'B086ZMC5W7', 'B0968YVLQ8', 'B093QJ39ZS', 'B0C6KZM3FK', 'B013HM9VMK', 'B07B812XX9', 'B016QAN2RA', 'B094C1J77Y', 'B0815MWTRS', 'B081CPNNSB', 'B09Q15QQTN', 'B08T121NG6', 'B00U4ADYCM', 'B00U4ADYCM', 'B08Z7462W4', 'B000KCZQZ2', 'B07BL2HT5N', 'B07BL2HT5N', 'B08CXLD6F5', 'B0916XWRY3', 'B08PCD9HCW', 'B07W5TLD7C']"
Oxfords,['B079RJS67F']
Active Pants,"['B0B2S8LQ8J', 'B08J9531QT', 'B088JN6DD6']"
Sweatpants,"['B0B2S8LQ8J', 'B08J9531QT', 'B088JN6DD6']"
Filing Products,['B00CRDV77S']
Folders,['B00CRDV77S']
Hanging Folders & Interior Folders,['B00CRDV77S']
Writing & Correction Supplies,"['B091Y7B6N2', 'B004E2RQ3E', 'B00006IEBL', 'B08QMCQYGM', 'B0053TTXVU']"
Pens & Refills,"['B091Y7B6N2', 'B00006IEBL', 'B0053TTXVU']"
Ballpoint Pens,"['B091Y7B6N2', 'B00006IEBL']"
Athletic,"['B0C67PSPXW', 'B07KTWPYVW', 'B09Q4QN3SZ', 'B07YNL43GK', 'B08JMD4LMM', 'B0B2X3DH8Q', 'B004WQR4J8', 'B07S8NRRWR', 'B0BRF3STLH', 'B086ZMC5W7', 'B0968YVLQ8', 'B093QJ39ZS', 'B0815MWTRS', 'B08Z7462W4', 'B08PCD9HCW']"
Walking,"['B0C67PSPXW', 'B004WQR4J8', 'B08Z7462W4']"
Bedding,"['B077J6HPCB', 'B0824S6WK9', 'B07YNNJGNP', 'B07WX7ZFX4', 'B0BZSBGD3B', 'B0C5J54Q7D', 'B0BJFP55ZG', 'B0CBTJHQRL', 'B07QCCGWGS', 'B09JCLB24V', 'B09SFQPXMB', 'B09C85ZRQT', 'B09JJ1NK1M', 'B08Z5YKZPR', 'B07SS833K7', 'B09NM18BH3', 'B0BNCGV28T', 'B08D8JDSYX', 'B09JDVBJ2W', 'B085NWKYJX']"
Sheets & Pillowcases,"['B077J6HPCB', 'B07YNNJGNP', 'B07WX7ZFX4', 'B07QCCGWGS', 'B09JJ1NK1M']"
Pillowcases,['B077J6HPCB']
Shorts,['B08P4MQJC7']
Creams & Moisturisers,"['B0BN3WQB92', 'B0BT7B7P5T', 'B0B4KC8HJG', 'B00WSPJUPG', 'B00K3TVJMQ']"
Serums,"['B0BN3WQB92', 'B0BT7B7P5T', 'B00K3TVJMQ']"
Binders & Binding Systems,"['B09QM2BMPG', 'B00INKVS82', 'B00N3C89RS']"
Binder Accessories,"['B09QM2BMPG', 'B00N3C89RS']"
"Sheet Protectors, Card & Photo Sleeves","['B09QM2BMPG', 'B00N3C89RS']"
Car & Vehicle Electronics,"['B08KZLR9CZ', 'B0CPBK1YGN', 'B0BNHD3932', 'B095J7GKQ2', 'B07GVR1XLS', 'B0B9MFXJW4']"
Car Electronics,"['B08KZLR9CZ', 'B0BNHD3932', 'B095J7GKQ2', 'B07GVR1XLS', 'B0B9MFXJW4']"
Car Safety & Security,"['B08KZLR9CZ', 'B0BNHD3932']"
Vehicle Backup Cameras,"['B08KZLR9CZ', 'B0BNHD3932']"
Power Tools,"['B084111VK1', 'B00TODY7YO', 'B07K52RZRG', 'B09FK6XXKZ']"
Impact Wrenches,['B084111VK1']
"Uniforms, Work & Safety","['B00USP3Q4Y', 'B01N4J0LP8', 'B097BK5V34', 'B07B812XX9', 'B00U4ADYCM', 'B07BL2HT5N']"
Medical,['B00USP3Q4Y']
Scrub Bottoms,['B00USP3Q4Y']
Toys & Games,"['B01KBT2BPQ', 'B09MF3C16V', 'B085PRWV8H', 'B08HVCT9P1', 'B00V0EY556', 'B0BK86535M', 'B0BLGNQ2ZG', 'B07MM2T9NV', 'B00CBO9HCK', 'B07VL6FNPB', 'B07WFR4F4L', 'B07CVDFV3D', 'B0CJNKLY1C', 'B09YCMHPWN']"
Toy Figures & Playsets,"['B01KBT2BPQ', 'B07VL6FNPB']"
Play Figure Vehicles,['B01KBT2BPQ']
Buses,['B01KBT2BPQ']
Running,"['B07KTWPYVW', 'B09Q4QN3SZ', 'B08JMD4LMM', 'B0B2X3DH8Q', 'B07S8NRRWR', 'B0BRF3STLH', 'B0968YVLQ8', 'B093QJ39ZS', 'B08PCD9HCW']"
Track & Field & Cross Country,['B07KTWPYVW']
Fashion Sneakers,"['B07BF1WFCS', 'B08TKN9CWF', 'B09TWW1N6J', 'B093LSW6GT', 'B08ZXWMVCP', 'B08PK9XYZJ']"
Dining & Entertaining,"['B01LWP349M', 'B004GXB5YM', 'B08DVVYW3S', 'B09C8K67W6', 'B0C9M435B5', 'B098CDW2V3', 'B0CQR57RL5', 'B001CQEY3K']"
Glassware & Drinkware,"['B01LWP349M', 'B001CQEY3K']"
Cocktail Drinkware,['B01LWP349M']
Margarita Glasses,['B01LWP349M']
Girls,"['B09Q4QN3SZ', 'B07N11DQ9S', 'B0C6N5K9FJ', 'B01KBEY1P4', 'B0C6KZM3FK', 'B09Q15QQTN', 'B08WPMQWJQ', 'B00XBBA834', 'B08CXLD6F5']"
Work & Utility,"['B01N4J0LP8', 'B097BK5V34', 'B00U4ADYCM', 'B07BL2HT5N']"
Industrial & Construction Boots,['B01N4J0LP8']
Ottomans,['B0BKRTSK7P']
Bath,"['B08BJHMY33', 'B08BG7QL1R', 'B094CL8WBB', 'B078JXHTWR', 'B0CCF3XQ57', 'B08B1HXYPV', 'B008NMOKIK', 'B08PVWG32T', 'B09WZVBKZD', 'B09FZT5BYV', 'B09WN2MVVP', 'B0C9C8QYD9', 'B016N09IXK', 'B09J1LNKNM']"
Towels,"['B08BJHMY33', 'B008NMOKIK', 'B09FZT5BYV']"
Beach Towels,['B08BJHMY33']
Backpacks,"['B0C27P6VC9', 'B09DKKWRJT']"
Gloves & Protective Gear,"['B0CMSQZGLC', 'B01K119TPY']"
Workseats,['B0CMSQZGLC']
Shirts,"['B07PFW15GC', 'B01HEONU10', 'B00KBZQEAE', 'B07XF5J7DK', 'B07PV6YWYV', 'B08RHPKJCQ', 'B08BTYWSGF', 'B08LNZBWHP', 'B093FZZLR6', 'B08P63FLH3']"
Tank Tops,"['B07PFW15GC', 'B093FZZLR6']"
Pants,"['B08JHJZJ8V', 'B004I5NVFY', 'B076BP7CBZ', 'B071X92YTG']"
Gloves,"['B091GSNZ8Z', 'B099SM1KPZ', 'B01K119TPY', 'B08C4VF68W']"
Office Electronics,"['B016MGVQ6C', 'B00JPBZOJ2', 'B0BDD46HFV']"
Printers & Accessories,"['B016MGVQ6C', 'B00JPBZOJ2', 'B0BDD46HFV']"
Printer Parts & Accessories,"['B016MGVQ6C', 'B00JPBZOJ2']"
Printer Ink & Toner,"['B016MGVQ6C', 'B00JPBZOJ2']"
Toner Cartridges,"['B016MGVQ6C', 'B00JPBZOJ2']"
Fan Shop,"['B07DWWWN3Q', 'B07CVSD9TG', 'B08NW4N1R1', 'B016N09IXK', 'B08FD9XQYY', 'B09J1LNKNM', 'B09DKKWRJT']"
Polo Shirts,['B07DWWWN3Q']
"Decorative Pillows, Inserts & Covers",['B0824S6WK9']
Throw Pillow Covers,['B0824S6WK9']
Sensors,['B000BZG75Q']
Oxygen,['B000BZG75Q']
Cardio Training,['B0CW5RQM3R']
Treadmills,['B0CW5RQM3R']
Golf,"['B09H2C4197', 'B09P88G1PJ', 'B0C3PQ7JJ9']"
On-Course Accessories,['B09H2C4197']
Ball Markers,['B09H2C4197']
Portable Audio & Video,"['B09Q2R6FSP', 'B089K5PVBF', 'B01CO26G5Y', 'B01J4C2O4Y', 'B08BKY3KVL']"
Portable Speakers & Docks,"['B09Q2R6FSP', 'B01J4C2O4Y', 'B08BKY3KVL']"
Portable Bluetooth Speakers,"['B09Q2R6FSP', 'B01J4C2O4Y', 'B08BKY3KVL']"
Desk Accessories & Workspace Organizers,"['B002XK2OW2', 'B07W58LMND', 'B07S8QPD3S', 'B0036DDT5G', 'B0CQTMGXHD', 'B0B5TFY2W4', 'B07D74C51K']"
Letter Trays & Stacking Supports,['B002XK2OW2']
Jeans,"['B01E98CRCW', 'B079GSGX9N', 'B09P8H7K1Y', 'B07KQCBT7Z']"
Activewear,['B01HEONU10']
Base Layers & Compression,"['B01HEONU10', 'B08RHPKJCQ', 'B08LNZBWHP']"
Bathroom Accessories,"['B08BG7QL1R', 'B078JXHTWR', 'B0CCF3XQ57', 'B08PVWG32T', 'B09WZVBKZD', 'B09WN2MVVP', 'B0C9C8QYD9']"
Toilet Accessories,['B08BG7QL1R']
Toilet Lid & Tank Covers,['B08BG7QL1R']
Window Treatments,"['B01GPNHFGW', 'B0BBLY9PTQ', 'B094FJQ6QM', 'B088CP6VMP', 'B09ZQHBZM2']"
Curtains & Drapes,"['B01GPNHFGW', 'B094FJQ6QM', 'B088CP6VMP', 'B09ZQHBZM2']"
Valances,['B01GPNHFGW']
Wall Lights,['B06XXSR7CQ']
Under-Cabinet Lights,['B06XXSR7CQ']
Outdoor Recreation,"['B09338BBCG', 'B08X9FK4RB', 'B07NLKLFNB', 'B0CC5YDQ7M', 'B077P6TTXD', 'B0776W7JM5']"
Camping & Hiking,"['B09338BBCG', 'B08X9FK4RB', 'B07NLKLFNB', 'B0CC5YDQ7M', 'B077P6TTXD', 'B0776W7JM5']"
Tents & Shelters,['B09338BBCG']
Camping Shelters,['B09338BBCG']
Sun Shelters,['B09338BBCG']
"Skates, Skateboards & Scooters","['B07BW53Z3R', 'B07G29G9R9']"
Scooters & Equipment,['B07BW53Z3R']
Scooters,['B07BW53Z3R']
Kick Scooters,['B07BW53Z3R']
Building Supplies,"['B0B6FFGW5X', 'B0BX3P7N44', 'B07TWRJ4XX', 'B09JQN5YTQ', 'B005ESNEYW']"
Building Materials,"['B0B6FFGW5X', 'B0BX3P7N44', 'B09JQN5YTQ']"
Flooring,"['B0B6FFGW5X', 'B0BX3P7N44', 'B09JQN5YTQ']"
Flooring Materials,"['B0B6FFGW5X', 'B0BX3P7N44', 'B09JQN5YTQ']"
Rubber Flooring,['B0B6FFGW5X']
Chondroitin & Glucosamine,['B00GKQOW70']
Chondroitin,['B00GKQOW70']
MP3 & MP4 Players,['B089K5PVBF']
Arts & Crafts,"['B09MF3C16V', 'B08HVCT9P1', 'B0BK86535M']"
Craft Kits,"['B09MF3C16V', 'B08HVCT9P1', 'B0BK86535M']"
Paint with Water Kits,['B09MF3C16V']
Sewing,"['B005ZM8XJS', 'B00WOV23JO', 'B0053A9PKS', 'B093HB7XK3']"
Sewing Notions & Supplies,"['B005ZM8XJS', 'B0053A9PKS', 'B093HB7XK3']"
Fasteners,"['B005ZM8XJS', 'B00OHX2T0U', 'B0053A9PKS', 'B093HB7XK3']"
Undergarment Sewing,['B005ZM8XJS']
Fluorescent Tubes,"['B0889KTLXJ', 'B003ILD1RW']"
Electrical,"['B008FDT3FM', 'B085HFPM9Z', 'B07PG6FQR2', 'B08QSHFGXX']"
Switches & Dimmers,['B008FDT3FM']
Wall Switches,['B008FDT3FM']
Dimmer Switches,['B008FDT3FM']
Styling,['B0B25H9G4K']
Hair Sprays & Mists,['B0B25H9G4K']
Handbags & Wallets,"['B08HHJSNM9', 'B09H616MGV']"
Fashion Backpacks,['B08HHJSNM9']
Makeup,"['B002LA22P8', 'B0018QO7LS', 'B08JSQB7DY', 'B01LMN6D40']"
Lips,"['B002LA22P8', 'B099RVK69C']"
Lip Liners,['B002LA22P8']
Outdoor Power Tools,"['B085ZLLWBQ', 'B08S454V79']"
Replacement Parts & Accessories,"['B085ZLLWBQ', 'B08S454V79']"
Chainsaw Parts & Accessories,['B085ZLLWBQ']
Chains,['B085ZLLWBQ']
Sports & Outdoor Recreation Accessories,"['B0CKV4ZN8G', 'B01LXPH452', 'B08THH211Y', 'B0CKV4ZJ2Z']"
"Field, Court & Rink Equipment","['B0CKV4ZN8G', 'B0CKV4ZJ2Z']"
Stadium Seats & Cushions,"['B0CKV4ZN8G', 'B0CKV4ZJ2Z']"
Boating & Sailing,"['B07BMD1KTN', 'B0BXWV1BZ7', 'B004UOVD2G', 'B0B4WN4FT4']"
Boating,"['B07BMD1KTN', 'B0BXWV1BZ7', 'B004UOVD2G', 'B0B4WN4FT4']"
Docking & Anchoring Equipment,"['B07BMD1KTN', 'B0B4WN4FT4']"
Dock Lines & Rope,"['B07BMD1KTN', 'B0B4WN4FT4']"
Computer Accessories & Peripherals,"['B0CMCLXJPQ', 'B08P2T35TZ', 'B09B3LFDXJ', 'B0C2PH15JW', 'B09NBLVKXJ', 'B082H8NVZF', 'B008OEHPKM']"
Cables & Accessories,"['B0CMCLXJPQ', 'B08P2T35TZ', 'B0C2PH15JW']"
Cables & Interconnects,"['B0CMCLXJPQ', 'B08P2T35TZ', 'B0C2PH15JW']"
USB Cables,['B0CMCLXJPQ']
Power Accessories,['B0CPT1QLQR']
Power Converters,['B0CPT1QLQR']
Boring Drill Bits,['B0171X0JPE']
Jewelry,"['B00BY1UKJK', 'B08QGM47L2']"
Rings,['B00BY1UKJK']
Statement,['B00BY1UKJK']
"Tops, Tees & Blouses","['B09WYCR8H4', 'B08WPMQWJQ']"
Pocket Knives & Folding Knives,"['B09G9PJFBR', 'B087WV6FXB']"
Diet & Sports Nutrition,"['B079BFJKWF', 'B01LMP2MG6', 'B06ZYKZ3VS', 'B01AX90IYK']"
Endurance & Energy,"['B079BFJKWF', 'B01LMP2MG6']"
Chews & Gels,"['B079BFJKWF', 'B01LMP2MG6']"
Bedroom Furniture,"['B07DWC3HPP', 'B003SA0HI4', 'B012SKEA1O', 'B0989ZCGH6', 'B09V6S1D5S', 'B07VDCY1HD']"
"Beds, Frames & Bases","['B07DWC3HPP', 'B012SKEA1O', 'B0989ZCGH6']"
Headboards & Footboards,"['B07DWC3HPP', 'B012SKEA1O']"
Headboards,"['B07DWC3HPP', 'B012SKEA1O']"
Computer Components,"['B004YCUDMU', 'B00MFD3KZC']"
External Components,['B004YCUDMU']
KVM Switches,['B004YCUDMU']
Food,['B07BRNJ81Q']
Wet,['B07BRNJ81Q']
Pouches,['B07BRNJ81Q']
Flatware,"['B004GXB5YM', 'B09C8K67W6', 'B0C9M435B5']"
Servers,"['B004GXB5YM', 'B09C8K67W6']"
"Cake, Pie & Pastry Servers",['B004GXB5YM']
Household Cleaning,['B08MVQ9SPX']
Wood Polish & Care,['B08MVQ9SPX']
Wood Polish,['B08MVQ9SPX']
Screen Protectors,"['B0BW2T7S4H', 'B09C6SKF7Q', 'B0BBTB55BF', 'B08BWNHWTJ']"
Remote & App Controlled Vehicles & Parts,['B085PRWV8H']
Remote & App Controlled Vehicles,['B085PRWV8H']
Helicopters,['B085PRWV8H']
Strength Training Devices,"['B09WJYQ6NG', 'B0CP496N9T']"
Thigh & Hip Strengtheners,['B09WJYQ6NG']
Grocery & Gourmet Food,"['B00BI76NR8', 'B00H4H84XC', 'B000JXR0NS']"
Breads & Bakery,['B00BI76NR8']
Cookies,['B00BI76NR8']
Wafers,['B00BI76NR8']
Consoles & Organizers,"['B0B716WM88', 'B08ZKXX16F']"
Glove Box Organizers,['B0B716WM88']
Binders,['B00INKVS82']
Round Ring Binders,['B00INKVS82']
Cycling,"['B09R6N931G', 'B086VZLS12', 'B0CQTSWZK2', 'B0BB9SSGHP', 'B09BQWLGHB', 'B001C67HCK', 'B0CZ87GYJT']"
Helmets & Accessories,['B09R6N931G']
Adult Helmets,['B09R6N931G']
Rough Plumbing,"['B002C61V7Q', 'B01FLH4TC6', 'B003E63HZM', 'B00CD774IE']"
Faucet Parts,"['B002C61V7Q', 'B0CB5CB7PK', 'B00ROB2O0C', 'B01FLH4TC6', 'B00CD774IE']"
Trim & Repair Kits,"['B002C61V7Q', 'B0CB5CB7PK', 'B00ROB2O0C']"
Water Heaters & Parts,['B08BF78G8P']
Water Heaters,['B08BF78G8P']
Hunting & Fishing,"['B086SFX4VP', 'B0793NMRJB', 'B09KXCVYQ6', 'B07Q7ZBZ4M', 'B000WXNXRM', 'B08R6LF7PM', 'B001Q8INCW', 'B073C9VDJR', 'B07DMBTFDC', 'B087BG8ZYJ']"
Shooting,"['B086SFX4VP', 'B001Q8INCW', 'B07DMBTFDC', 'B087BG8ZYJ']"
Optics,['B086SFX4VP']
Game & Trail Cameras,['B086SFX4VP']
Skateboarding,['B07YNL43GK']
Patio Furniture & Accessories,"['B01N6OBLAN', 'B083CBSNQ5', 'B01LBBSUGW', 'B0BVYTPSHN', 'B0BL6RM9WX', 'B0C2423WKH']"
Umbrellas & Shade,"['B01N6OBLAN', 'B083CBSNQ5']"
Shade Sails,"['B01N6OBLAN', 'B083CBSNQ5']"
Storage & Organization,"['B08PK7W23K', 'B09SFNRL6W', 'B09Y69LVTS', 'B095PGKMDH', 'B0CBZ64CZW', 'B092TZXDJT', 'B0BMQ3DP3Y', 'B07WSMJ7K9', 'B07RH8N56Q', 'B08BDHLCS5', 'B07J9RCLCZ', 'B01F7QECQE', 'B0C6QFMJRP', 'B0C3C56XMC']"
Thermoses,"['B08PK7W23K', 'B0C3C56XMC', 'B0C3C56XMC']"
Insulated Beverage Containers,"['B08PK7W23K', 'B0C3C56XMC']"
Cups & Mugs,['B08PK7W23K']
Bath Rugs,"['B094CL8WBB', 'B08B1HXYPV']"
Rotary Tools,['B00TODY7YO']
Sleep & Lounge,"['B01J4GXEA8', 'B005MFI3SO', 'B08SX7WH8H']"
Bottoms,"['B01J4GXEA8', 'B09PNSHSGS']"
Make-up,"['B00K3U2DAM', 'B099RVK69C', 'B097LJPHWS']"
Eyes,"['B00K3U2DAM', 'B097LJPHWS']"
Eyeliners,['B00K3U2DAM']
Portable CD Players,['B01CO26G5Y']
Door Hardware & Locks,"['B08QMM8K9C', 'B08RYLKT9Y', 'B07PPLX2L5', 'B0036SZYO0', 'B07NC1XM4Y', 'B09SJ6HF6X', 'B0BZD39L99', 'B09787TSGN', 'B081DXW82P']"
Door Closers,['B08QMM8K9C']
Kids' Bikes & Accessories,['B086VZLS12']
Kids' Bikes,['B086VZLS12']
Food Storage,"['B09SFNRL6W', 'B0B8GJFM7Z']"
Food Containers,['B09SFNRL6W']
Container Sets,['B09SFNRL6W']
Countersink Drill Bits,['B00IZFI0VI']
Chairs,"['B0C27FDK63', 'B08X9FK4RB', 'B0BL6RM9WX', 'B077P6TTXD']"
Tools & Accessories,"['B0C7MTQ2WM', 'B09QX1CGDH', 'B0992PFXLR']"
Bags & Cases,['B0C7MTQ2WM']
Cosmetic Bags,['B0C7MTQ2WM']
Data Storage,['B092R6HW7L']
External Hard Drives,['B092R6HW7L']
Health Care,"['B0BKFTMXJ7', 'B018KV9N4O', 'B015YZUT1K', 'B08KG2S578']"
Alternative Medicine,"['B0BKFTMXJ7', 'B018KV9N4O', 'B08KG2S578']"
Aromatherapy,['B0BKFTMXJ7']
Diffusers,['B0BKFTMXJ7']
Bras,"['B09QV3PWGZ', 'B07VNL38HM', 'B096VXXDKJ', 'B00QTIMWLM', 'B01N9SFH0B', 'B099S8HJ4F', 'B09BWW3SY1', 'B09KHX7J9L', 'B07K5511N7']"
Everyday Bras,"['B09QV3PWGZ', 'B07VNL38HM', 'B096VXXDKJ', 'B00QTIMWLM', 'B099S8HJ4F', 'B09BWW3SY1', 'B07K5511N7']"
Industrial & Scientific,"['B000NI5CWK', 'B0BWDZM56Q', 'B0B9X8N136', 'B0B8GJFM7Z', 'B00OHX2T0U', 'B00D48GIZG', 'B08CV67RBZ', 'B00PKVS3HG', 'B09TKCY9HY', 'B07SG655ZG']"
Industrial Electrical,['B000NI5CWK']
Wiring & Connecting,['B000NI5CWK']
Terminals,['B000NI5CWK']
Ring,['B000NI5CWK']
Decorative Accessories,"['B08JHHG53C', 'B0792K6SH6']"
Ginkgo Biloba,['B002Y27MRQ']
Video Games,"['B0CCW73KL3', 'B003IHVN2G', 'B00LTT1F5A', 'B0BMLST3SZ']"
PC,['B0CCW73KL3']
Controllers,['B0CCW73KL3']
Seat Covers & Accessories,['B0932HMW1G']
Seat Cushions,['B0932HMW1G']
Pipe Fittings,['B00ITPIG54']
"Cords, Adapters & Multi-Outlets",['B085HFPM9Z']
Adapters & Multi-Outlets,['B085HFPM9Z']
Multi-Outlets,['B085HFPM9Z']
Covers,"['B0C5D3196C', 'B00TF8G8EA']"
Dash Covers,['B0C5D3196C']
Paper Craft,"['B08HVCT9P1', 'B0BK86535M']"
Leisure Sports & Game Room,"['B00VJ53YT4', 'B0C8B2CJMP', 'B0CTR4RQDT', 'B087LTRMG6']"
Trampolines & Accessories,"['B00VJ53YT4', 'B087LTRMG6']"
Mats,['B00VJ53YT4']
Fishing,"['B0793NMRJB', 'B09KXCVYQ6', 'B07Q7ZBZ4M', 'B000WXNXRM', 'B08R6LF7PM']"
"Lures, Baits & Attractants",['B0793NMRJB']
Topwater Lures,['B0793NMRJB']
Suspenders,['B007PBHBCW']
Active Shorts,['B09KTDVVLX']
Blinds & Shades,['B0BBLY9PTQ']
Balloon Shades,['B0BBLY9PTQ']
"Coats, Jackets & Vests","['B0948S3DS9', 'B09KC3KT1J']"
Denim Jackets,['B0948S3DS9']
Legacy Systems,"['B003IHVN2G', 'B0BMLST3SZ']"
PlayStation Systems,['B003IHVN2G']
PlayStation 3,['B003IHVN2G']
Games,"['B003IHVN2G', 'B00LTT1F5A']"
Photo & Video Accessories,['B0784SSRZS']
Flashes & Selfie Lights,['B0784SSRZS']
Selfie Lights,['B0784SSRZS']
Small Appliances,"['B0BB7GVRM3', 'B07T7KN9NY']"
Countertop Burners,['B0BB7GVRM3']
"Shower Curtains, Hooks & Liners","['B078JXHTWR', 'B08PVWG32T', 'B09WN2MVVP']"
Shower Curtain Sets,"['B078JXHTWR', 'B08PVWG32T']"
Bath & Body,"['B00YEJYSEM', 'B00UBV4PL8', 'B0C3M12R6B', 'B01CY764KQ', 'B06XYGBZ4Q']"
Deodorants & Antiperspirants,"['B00YEJYSEM', 'B01CY764KQ']"
Deodorant,"['B00YEJYSEM', 'B01CY764KQ']"
Networking Products,"['B0B7QC7HP1', 'B008R7114W', 'B0BTHP6T2F']"
Routers,['B0B7QC7HP1']
"Heating, Cooling & Air Quality","['B01EZ9WR34', 'B0788C7C7M', 'B0BVBB72L5', 'B0CJXKM5B4']"
Household Fans,"['B01EZ9WR34', 'B0BVBB72L5']"
Table Fans,['B01EZ9WR34']
Desk Pads & Blotters,"['B07W58LMND', 'B07S8QPD3S', 'B0CQTMGXHD']"
Litter & Housebreaking,['B0CT2R7ZMT']
Litter Boxes,['B0CT2R7ZMT']
Standard Litter Boxes,['B0CT2R7ZMT']
Kitchen Utensils & Gadgets,"['B08HYP268Z', 'B093BL5Y99', 'B09NWJGKP1', 'B08R3VTPCS', 'B0725RVTBQ', 'B00WDE24G4', 'B08XLXVGGW', 'B09V63FPZZ']"
Cooking Utensils,"['B08HYP268Z', 'B0725RVTBQ']"
Tongs,['B08HYP268Z']
Luggage & Travel Gear,"['B01CS6V0SE', 'B07QYGJQLY', 'B0BVV7BKTW']"
Travel Duffels,['B01CS6V0SE']
Bathtub Accessories,['B0CCF3XQ57']
Bathtub Mats,['B0CCF3XQ57']
Carriers & Travel Products,"['B08R8FRW53', 'B01MYUYX33']"
Slings,['B08R8FRW53']
Sliding Door Hardware,"['B08RYLKT9Y', 'B07PPLX2L5', 'B07NC1XM4Y']"
Manicure & Pedicure,['B09CQB6FZF']
Nails,['B09CQB6FZF']
Nail Polish,['B09CQB6FZF']
Vehicle Electronics Accessories,['B0CPBK1YGN']
Vehicle Audio & Video Installation,['B0CPBK1YGN']
Amplifier Installation,['B0CPBK1YGN']
Cooling Fans,['B0CPBK1YGN']
Cleansers,"['B00UBV4PL8', 'B0C3M12R6B']"
Solid Soap Bars,['B00UBV4PL8']
Vests,['B09KC3KT1J']
Watches,"['B079TY3V1S', 'B0789XSG38', 'B002SY96AQ', 'B0C1G8TCH5']"
Wrist Watches,"['B079TY3V1S', 'B0789XSG38', 'B002SY96AQ', 'B0C1G8TCH5']"
RV Parts & Accessories,"['B00C4ZT9EM', 'B00TF8G8EA']"
Exterior,"['B00C4ZT9EM', 'B00TF8G8EA']"
Leveling & Stablilization,['B00C4ZT9EM']
Levelers,['B00C4ZT9EM']
Mules & Clogs,['B0064U0DYS']
Appliances,"['B015RWPR30', 'B00LQDDMUK', 'B0CHLW824W', 'B0CDFN6TKH', 'B08PBXFL1W']"
Dishwasher Parts & Accessories,"['B015RWPR30', 'B00LQDDMUK']"
Baskets,"['B015RWPR30', 'B00LQDDMUK']"
Novelty Lighting,['B07TN6YT2P']
Flameless Candles,['B07TN6YT2P']
String Lights,['B0B5DM42BQ']
Trail Running,['B08JMD4LMM']
Casual,"['B004I5NVFY', 'B0BVZ1MLB9', 'B071X92YTG']"
Material Handling Products,"['B0BWDZM56Q', 'B08CV67RBZ', 'B00PKVS3HG']"
Pulling & Lifting,"['B0BWDZM56Q', 'B08CV67RBZ']"
Hoists & Accessories,['B0BWDZM56Q']
Beam Trolleys,['B0BWDZM56Q']
Exterior Accessories,"['B0BTBTQ1XB', 'B09LSWYVH4', 'B003ZJ16K6', 'B0CKLDX52J', 'B09NBQR3GH']"
"Bumper Stickers, Decals & Magnets",['B0BTBTQ1XB']
Decals,['B0BTBTQ1XB']
Meat & Poultry Tools,['B093BL5Y99']
Meat Grinders,['B093BL5Y99']
Satchels,['B09H616MGV']
Musical Instruments,"['B094TJ5FBF', 'B001UO05YG', 'B000XLX74M']"
Live Sound & Stage,['B094TJ5FBF']
PA Systems,['B094TJ5FBF']
Road Running,"['B0B2X3DH8Q', 'B07S8NRRWR', 'B0BRF3STLH', 'B0968YVLQ8', 'B08PCD9HCW']"
Dinnerware & Serveware,"['B08DVVYW3S', 'B098CDW2V3']"
Dinnerware,['B08DVVYW3S']
Dinnerware Sets,['B08DVVYW3S']
Games & Accessories,['B00V0EY556']
Game Accessories,['B00V0EY556']
Game Pieces,['B00V0EY556']
Body,"['B00NPA2WEY', 'B08JSQB7DY', 'B01G6KZAJ8']"
Moisturizers,"['B00NPA2WEY', 'B0B4KC8HJG']"
Oils,['B00NPA2WEY']
Sleeves,"['B09QM9K9ZR', 'B07882GB18']"
Ceiling Fans & Accessories,"['B09X56FJY7', 'B01CDGCQG4', 'B09YRGGQX7']"
Ceiling Fans,"['B09X56FJY7', 'B01CDGCQG4', 'B09YRGGQX7']"
Beads & Bead Assortments,"['B0B5RK55RD', 'B0CD5FVS8G']"
Lighting Assemblies & Accessories,['B0BD5JCZH3']
"Headlight Assemblies, Parts & Accessories",['B0BD5JCZH3']
Headlight Assemblies,['B0BD5JCZH3']
Fragrance,"['B009W7LW4U', 'B09G6WF1GS', 'B0CGDF3Z4G', 'B0BDFB9JQH', 'B009AWON0W', 'B07Z2WBY5M']"
Cologne,"['B009W7LW4U', 'B009AWON0W']"
Home Storage Hooks,['B09Y69LVTS']
Coat Hooks,['B09Y69LVTS']
Kids' Bedding,"['B07YNNJGNP', 'B09SFQPXMB', 'B09C85ZRQT']"
Sheet & Pillowcase Sets,"['B07YNNJGNP', 'B09JJ1NK1M']"
Ceiling Lights,"['B0C73CBMKT', 'B0BXS2QQXZ', 'B08B1GTQXQ']"
Track Lighting,"['B0C73CBMKT', 'B0BXS2QQXZ']"
Heads,"['B0C73CBMKT', 'B09P88G1PJ']"
Safety & Security,"['B079C73NXT', 'B001D8CRB8']"
Personal Protective Equipment,"['B079C73NXT', 'B001D8CRB8']"
Hand & Arm Protection,['B079C73NXT']
"Lab, Safety & Work Gloves",['B079C73NXT']
Impact Reducing Gloves,['B079C73NXT']
Apparel & Accessories,"['B0B3WVR4VQ', 'B07PV6YWYV', 'B095W5XWXV']"
Cold Weather Coats,['B0B3WVR4VQ']
Vehicle Covers,['B09WD4QYFM']
Fly Fishing,['B09KXCVYQ6']
Fly Fishing Leaders & Tippets,['B09KXCVYQ6']
Diving & Snorkeling,"['B0892S4L29', 'B07D37V3PQ']"
Diving Suits,"['B0892S4L29', 'B07D37V3PQ']"
Wetsuits,['B0892S4L29']
Shorty Suits,['B0892S4L29']
Camping Furniture,"['B08X9FK4RB', 'B077P6TTXD']"
"Crates, Houses & Pens",['B003C5RKE4']
Crates,['B003C5RKE4']
Basic Crates,['B003C5RKE4']
Slippers,"['B0842TJVCW', 'B08XFDYNKJ']"
Honey Dippers,['B09C8K67W6']
Fishing Line,"['B07Q7ZBZ4M', 'B08R6LF7PM']"
Braided Line,['B07Q7ZBZ4M']
Power Tools Replacement Parts,"['B0B17FS4ZW', 'B00XE5LXCM']"
Television & Video,"['B09ZBM2MLY', 'B075454YKR', 'B08B3LZNRP']"
"TV Mounts, Stands & Turntables",['B09ZBM2MLY']
TV Wall & Ceiling Mounts,['B09ZBM2MLY']
Bracelets,['B08QGM47L2']
Strand,['B08QGM47L2']
Sports & Outdoor Play,"['B0BLGNQ2ZG', 'B07WFR4F4L', 'B07CVDFV3D']"
Pools & Water Toys,"['B0BLGNQ2ZG', 'B07WFR4F4L']"
Pool Toys,['B0BLGNQ2ZG']
Swim Rings,['B0BLGNQ2ZG']
Dresses,"['B09WR6Z67Z', 'B07BFP4PZ7', 'B097SRZW1L', 'B08FZXZTMY', 'B0BVZ1MLB9']"
Cocktail,['B09WR6Z67Z']
Exhaust,['B0051UPEMS']
Heat Shields,['B0051UPEMS']
Paint & Primer,"['B00CEHFC96', 'B00CBJWBPU']"
Spray Paint,['B00CEHFC96']
Formal,['B07BFP4PZ7']
Fitted Sheets,"['B07WX7ZFX4', 'B07QCCGWGS']"
Sandals,"['B01L1BYSUO', 'B08NWCV4M4', 'B016QAN2RA', 'B081CPNNSB', 'B09Q15QQTN', 'B08T121NG6', 'B000KCZQZ2']"
Heeled Sandals,"['B01L1BYSUO', 'B08NWCV4M4']"
Game & Recreation Room Furniture,"['B0CFQJJXZK', 'B0CDGGC57K', 'B0D3PRP6ZC']"
TV Trays,['B0CFQJJXZK']
Outdoor Holiday Decorations,['B0CHP3XNVD']
Inflatable Yard Decorations,['B0CHP3XNVD']
Golf Club Parts,['B09P88G1PJ']
Health Supplies,"['B00IK5UHK0', 'B09RSSM4R7', 'B0CBQW9MF1', 'B09KY5J71D']"
Dental Care,['B00IK5UHK0']
Blankets & Throws,"['B0BZSBGD3B', 'B0BJFP55ZG', 'B09JCLB24V', 'B09SFQPXMB', 'B09C85ZRQT', 'B08Z5YKZPR', 'B07SS833K7', 'B09JDVBJ2W']"
Throws,"['B0BZSBGD3B', 'B09SFQPXMB', 'B08Z5YKZPR']"
Quilts & Sets,['B0C5J54Q7D']
Quilt Sets,['B0C5J54Q7D']
Swimsuits & Cover Ups,"['B0BTSP7RJW', 'B092RD98M5']"
Cover-Ups,['B0BTSP7RJW']
Lamps & Shades,"['B00G7QRJKK', 'B0BL2CTZBS', 'B09P88XZQP', 'B0777GG582', 'B0CC1NYW5F']"
Table Lamps,"['B00G7QRJKK', 'B09P88XZQP', 'B0777GG582']"
Perfume,"['B09G6WF1GS', 'B0CGDF3Z4G', 'B0BDFB9JQH', 'B07Z2WBY5M']"
Party Supplies,"['B07MM2T9NV', 'B00CBO9HCK']"
Party Tableware,['B07MM2T9NV']
Cups,"['B07MM2T9NV', 'B004NG90C6']"
Flower Essences,['B018KV9N4O']
Tennis & Racquet Sports,['B08SMMWPCJ']
Tennis,['B08SMMWPCJ']
Racquets,['B08SMMWPCJ']
Food Service Equipment & Supplies,"['B0B9X8N136', 'B0B8GJFM7Z']"
Restaurant Appliances & Equipment,['B0B9X8N136']
Food Holding & Warming Equipment,['B0B9X8N136']
Food Warmers,['B0B9X8N136']
Over-Ear Headphones,['B07WWN97S7']
Boat Covers,['B0BXWV1BZ7']
Baby,"['B09PNSHSGS', 'B08BPBG6HX', 'B07YGGBZ18', 'B07NQK177L', 'B076PFFTQD']"
Baby Girls,"['B09PNSHSGS', 'B07YGGBZ18']"
Twist Drill Bits,['B07RQKXS98']
Jobber Drill Bits,['B07RQKXS98']
Seasoning & Spice Tools,['B09NWJGKP1']
Garlic Tools,['B09NWJGKP1']
Garlic Roasters,['B09NWJGKP1']
Foot Health,['B015YZUT1K']
Inserts & Insoles,['B015YZUT1K']
Insoles,['B015YZUT1K']
Inline & Roller Skating,['B07G29G9R9']
Inline Skates,['B07G29G9R9']
Racing Skates,['B07G29G9R9']
Feeding & Watering Supplies,"['B093K2NDS2', 'B0CP3LQSWM', 'B07L5GK29S']"
Bowls & Dishes,['B093K2NDS2']
Slow Feeders,['B093K2NDS2']
Stove & Fireplace Accessories,"['B0788C7C7M', 'B0CJXKM5B4']"
Gas Logs,['B0788C7C7M']
Baby Boys,"['B08BPBG6HX', 'B07NQK177L', 'B076PFFTQD']"
Sleepwear & Robes,['B08BPBG6HX']
Pajama Sets,['B08BPBG6HX']
Team Sports,"['B00GUO5T3S', 'B002V2XSTA', 'B0B4BQ25DN', 'B0CXSRR2Y1', 'B0CXSFX685', 'B08KB43G56', 'B086ZMC5W7', 'B00T3QA0B6', 'B0815MWTRS', 'B0BD547MTG']"
Baseball,"['B00GUO5T3S', 'B0B4BQ25DN', 'B08KB43G56', 'B00T3QA0B6', 'B076BP7CBZ']"
Protective Gear,"['B00GUO5T3S', 'B08KB43G56', 'B099SM1KPZ', 'B00T3QA0B6', 'B08C4VF68W', 'B08HJRTRG3', 'B0BD547MTG', 'B082NP96XX']"
Batting Helmets,"['B00GUO5T3S', 'B08KB43G56']"
Tables,"['B0CDBZ4XH4', 'B0B1MN31C7']"
End Tables,['B0CDBZ4XH4']
Loafers & Slip-Ons,"['B07X8QTFD8', 'B0CBL92PGJ', 'B013HM9VMK', 'B094C1J77Y']"
Towing Products & Winches,['B09LSWYVH4']
Hitches,['B09LSWYVH4']
Receivers,['B09LSWYVH4']
Storage & Transport,['B0B8GJFM7Z']
Food Pans,['B0B8GJFM7Z']
Tires & Wheels,['B0C77M14NF']
Accessories & Parts,['B0C77M14NF']
Tire Pressure Monitoring Systems (TPMS),['B0C77M14NF']
Replacement Sensors,['B0C77M14NF']
Sunglasses & Eyewear Accessories,"['B08LYJ1VCK', 'B08TR8LR6V', 'B09VXHQ8QK']"
Sunglasses,"['B08LYJ1VCK', 'B08TR8LR6V', 'B09VXHQ8QK']"
"Foot, Hand & Nail Care","['B0CN8XV3SZ', 'B0BXD59XYK', 'B0CQQ9M341', 'B01DDW7SLK']"
Nail Art & Polish,"['B0CN8XV3SZ', 'B0CQQ9M341']"
Tools,"['B0CN8XV3SZ', 'B0CQQ9M341']"
Curing Lamps,"['B0CN8XV3SZ', 'B0CQQ9M341']"
Horses,['B09RSSM4R7']
Hoof Care,['B09RSSM4R7']
Cabinet Hardware,"['B08C4ZMKP1', 'B06XWK47YR']"
Drawer Slides,['B08C4ZMKP1']
Sport Specific Clothing,"['B01J4MMPJS', 'B08JCWNNNW', 'B076BP7CBZ', 'B0CHBGFQY5']"
Martial Arts,"['B01J4MMPJS', 'B082NP96XX']"
Jiu-Jitsu,['B01J4MMPJS']
Sets,['B01J4MMPJS']
Specialty Tools & Gadgets,['B08R3VTPCS']
Egg Separators,['B08R3VTPCS']
Boots,"['B07N11DQ9S', 'B07KM3R7BP', 'B0C6N5K9FJ', 'B0C6KZM3FK', 'B08HJRTRG3']"
Toys,"['B007QW6NQ0', 'B0BX7C1PKZ']"
Balls,"['B007QW6NQ0', 'B0C8B2CJMP', 'B0BX7C1PKZ']"
Terminal Tackle & Accessories,['B000WXNXRM']
Tackle Boxes,['B000WXNXRM']
Screws,['B00OHX2T0U']
Machine Screws,['B00OHX2T0U']
Rope,['B09MT3PL2B']
Room Dividers,['B003SA0HI4']
Whisks,['B0725RVTBQ']
Baby Products,"['B07NSDDG8M', 'B0CBTJHQRL', 'B09KLWCNMH', 'B0C58J3Z3R', 'B08GLH22YT', 'B00E3YVA6W', 'B08D8JDSYX']"
Feeding,"['B07NSDDG8M', 'B08GLH22YT']"
Solid Feeding,"['B07NSDDG8M', 'B08GLH22YT']"
Utensils,"['B07NSDDG8M', 'B08GLH22YT']"
Flatware Sets,"['B07NSDDG8M', 'B08GLH22YT']"
"GPS, Finders & Accessories","['B0BXMQFXYK', 'B07ZH5JR1J']"
Sports & Handheld GPS,['B0BXMQFXYK']
Running GPS Units,['B0BXMQFXYK']
Bodysuits,['B082HGJFB7']
Patio Seating,"['B01LBBSUGW', 'B0BL6RM9WX']"
Porch Swings,['B01LBBSUGW']
Sculptures,['B09KXY2GKH']
Statues,['B09KXY2GKH']
Digestive Supplements,['B002LMWRSS']
Dietary Fibers,['B002LMWRSS']
Chelsea,['B07KM3R7BP']
Electric Blankets,['B0BJFP55ZG']
Volleyball,['B002V2XSTA']
Volleyballs,['B002V2XSTA']
Indoor Volleyballs,['B002V2XSTA']
Ethernet Cables,['B08P2T35TZ']
Cat 7 Cables,['B08P2T35TZ']
Store Signs & Displays,['B08T1QN2YR']
Store Sign Holders,['B08T1QN2YR']
Ear Care,['B0CBQW9MF1']
"Saw Blades, Parts & Accessories","['B0069AK8NO', 'B005NYXT60', 'B08PYCD4XV']"
Blades,"['B0069AK8NO', 'B005NYXT60', 'B08PYCD4XV']"
Band Saw Blades,['B0069AK8NO']
Skirts,['B08HQLGH11']
"Adhesives, Sealants & Lubricants",['B00D48GIZG']
Caulk,['B00D48GIZG']
Adhesive Caulk,['B00D48GIZG']
Yoga,['B08JCWNNNW']
Foot & Hand Care,"['B0BXD59XYK', 'B01DDW7SLK']"
Moisturizing Gloves,['B0BXD59XYK']
Cleansing Creams & Milks,"['B07PDRD1KT', 'B074J7869B', 'B08JV31QW4']"
Face Wash,"['B07PDRD1KT', 'B074J7869B', 'B08JV31QW4']"
Grip Strengtheners,['B0CP496N9T']
Warning & Emergency Lights,['B0C17SKJ77']
Emergency Strobe Lights,['B0C17SKJ77']
Lamp Shades,['B0BL2CTZBS']
Towel Holders,['B09WZVBKZD']
Towel Racks,['B09WZVBKZD']
Thermometers & Timers,['B00WDE24G4']
Timers,['B00WDE24G4']
Candles & Holders,"['B09PL9TS8V', 'B097Q4B1N2', 'B0BQ22LH2H', 'B0CQ43MLGW']"
Candleholders,"['B09PL9TS8V', 'B097Q4B1N2']"
Candleholder Sets,['B09PL9TS8V']
Camp Kitchen,['B07NLKLFNB']
Camping Cookware,['B07NLKLFNB']
Open Fire Cookware,['B07NLKLFNB']
Pumps,"['B07ZGGNGPY', 'B07GH7WZR6']"
Deflectors & Shields,['B003ZJ16K6']
Side Window Wind Deflectors & Visors,['B003ZJ16K6']
Lift Tables,['B08CV67RBZ']
Kids' Room Décor,"['B0BXNWPRSX', 'B09NPW43QY']"
Accents,['B0BXNWPRSX']
Clocks,"['B0BXNWPRSX', 'B0C6DWCBQG', 'B07L3SWQRX']"
Seat Back Organizers,['B08ZKXX16F']
Presentation Boards,['B09B1W2SLB']
Bulletin Boards,['B09B1W2SLB']
Water Bottles,['B0CP3LQSWM']
Monitor Accessories,['B09B3LFDXJ']
Monitor Stands,['B09B3LFDXJ']
Valves,['B06W553T8Y']
Shower Flow Control Valves,['B06W553T8Y']
Nursery,"['B0CBTJHQRL', 'B0C58J3Z3R', 'B00E3YVA6W', 'B08D8JDSYX']"
Baby Bedding,"['B0CBTJHQRL', 'B08D8JDSYX']"
Sheets,"['B0CBTJHQRL', 'B08D8JDSYX']"
Bassinet Sheets,"['B0CBTJHQRL', 'B08D8JDSYX']"
Electronics & Gadgets,['B01LXPH452']
Cycling Computers,['B01LXPH452']
Decorations,['B00CBO9HCK']
Balloons,['B00CBO9HCK']
Baseball Bats,['B0B4BQ25DN']
Brake Tools,['B0C5M9HF2P']
Brake Adjusting Tools,['B0C5M9HF2P']
Switches,['B008R7114W']
Chargers & Power Adapters,"['B08C9B56HL', 'B0C98DJQ6X', 'B09LGYJ5F4', 'B0B1M1GQQW', 'B07L8L39RX']"
Charging Stations,"['B08C9B56HL', 'B0C98DJQ6X', 'B07L8L39RX']"
Snow Globes,['B0CLYQYP1Q']
Living Room Sets,['B0C4GWXLVM']
Lip Glosses,['B099RVK69C']
Mouse Pads & Wrist Rests,"['B0036DDT5G', 'B0B5TFY2W4']"
Mouse Pads,"['B0036DDT5G', 'B0B5TFY2W4']"
Door Levers,"['B0036SZYO0', 'B0BZD39L99']"
Paint-By-Number Kits,['B0BBCW7T1L']
Adults' Paint-By-Number Kits,['B0BBCW7T1L']
Pizza Pans & Stones,['B0B52J2J4X']
Fly Line,['B08R6LF7PM']
Spoons,['B0C9M435B5']
Soup Spoons,['B0C9M435B5']
Markers & Highlighters,"['B004E2RQ3E', 'B08QMCQYGM']"
Dry Erase & Wet Erase Markers,['B004E2RQ3E']
Painting Supplies & Tools,['B07KG2G1HD']
Tape,"['B07KG2G1HD', 'B015G7T7UA']"
Masking Tape,['B07KG2G1HD']
Women's Salon,['B006L6A06Q']
Cleansing,['B006L6A06Q']
Refillable Perfume Bottles,"['B09QX1CGDH', 'B0992PFXLR']"
Sofa & Console Tables,['B0B1MN31C7']
Kitchen & Table Linens,"['B07HJLDLRN', 'B07Q5VTN34']"
Place Mats,['B07HJLDLRN']
Paintbrushes,['B0BZYTHDZQ']
Paintbrush Sets,['B0BZYTHDZQ']
Education & Crafts,['B093BDK1TV']
Arts & Crafts Supplies,['B093BDK1TV']
Classroom Decorations,['B093BDK1TV']
Educational Charts & Posters,['B093BDK1TV']
Action Figures,['B07VL6FNPB']
Earbud Headphones,"['B0D4QFJHC3', 'B0C6JMP9LH', 'B0C1GZ3Z4R', 'B0CHYFK238']"
"Refrigerators, Freezers & Ice Makers","['B0CHLW824W', 'B0CDFN6TKH']"
Ice Makers,"['B0CHLW824W', 'B0CDFN6TKH']"
Grills & Outdoor Cooking,"['B076MFM8LX', 'B0C65PQ511']"
Grills & Smokers,['B076MFM8LX']
Gas Grills,['B076MFM8LX']
Propane Grills,['B076MFM8LX']
Lightning Cables,['B0C2PH15JW']
"Trophies, Medals & Awards",['B08THH211Y']
Trophies,['B08THH211Y']
Batteries,['B08XMD52LX']
Panels,"['B094FJQ6QM', 'B088CP6VMP', 'B09ZQHBZM2']"
Woks & Stir-Fry Pans,['B00N24LO2O']
Floor Mats & Cargo Liners,"['B08LQYNVNP', 'B08DK7LP8B']"
Floor Mats,"['B08LQYNVNP', 'B08DK7LP8B']"
Safety,['B09KLWCNMH']
Monitors,['B09KLWCNMH']
Video Monitors,['B09KLWCNMH']
Jewelry Casting Supplies,['B09YV77Z4F']
Resin Casting Molds,['B09YV77Z4F']
Parts & Components,['B0CQTSWZK2']
"Handlebars, Headsets & Stems",['B0CQTSWZK2']
Grips,"['B0CQTSWZK2', 'B0BZRQPJ4B']"
Step Platforms,"['B0BWL2X8KZ', 'B0BXFFQ9XW']"
Basketball,"['B0CXSRR2Y1', 'B0CXSFX685']"
Basketballs,"['B0CXSRR2Y1', 'B0CXSFX685']"
Bumpers,['B0CSDZ2YLC']
Other Sports,"['B0CTPYZV3J', 'B082NP96XX', 'B0BG97MF2P', 'B072HC3QH4']"
Boxing,"['B0CTPYZV3J', 'B0BG97MF2P', 'B072HC3QH4']"
Punching Bags,"['B0CTPYZV3J', 'B0BG97MF2P', 'B072HC3QH4']"
Heavy Bags,"['B0CTPYZV3J', 'B0BG97MF2P']"
Ignition Parts,['B0C61L747J']
Coil Packs,['B0C61L747J']
Stands,['B0CHYDX91L']
Rangefinders,['B0C3PQ7JJ9']
Connectors,['B0BXS2QQXZ']
Boat Cabin Products,['B004UOVD2G']
Serveware,['B098CDW2V3']
Beverage Serveware,['B098CDW2V3']
Carafes,['B098CDW2V3']
Table Tennis,['B0C8B2CJMP']
Engine Cooling & Climate Control,['B07MHJK2MP']
Air Conditioning,['B07MHJK2MP']
O-Rings & O-Ring Kits,['B07MHJK2MP']
Brake System,['B0B1373CQD']
Brake Pads,['B0B1373CQD']
Window Hardware,['B094V8KXQV']
Pantry Staples,"['B00H4H84XC', 'B000JXR0NS']"
Cooking & Baking,['B00H4H84XC']
"Baking Syrups, Sugars & Sweeteners",['B00H4H84XC']
Sugar Substitutes,['B00H4H84XC']
Xylitol,['B00H4H84XC']
Casual Button-Down Shirts,['B07XF5J7DK']
Hard Drive Accessories,['B09NBLVKXJ']
Enclosures,['B09NBLVKXJ']
Door Chimes & Bells,['B07PG6FQR2']
Chimes,['B07PG6FQR2']
Towel Sets,['B09FZT5BYV']
Country,['B00VRMEOKW']
Today's Country,['B00VRMEOKW']
Bar Tools & Drinkware,['B0CQR57RL5']
Bar Tools,['B0CQR57RL5']
Rimming Salts & Sugars,['B0CQR57RL5']
Costumes & Accessories,"['B01KBEY1P4', 'B003JH8SU0', 'B00S54UH1A']"
Kids & Baby,['B01KBEY1P4']
Beds & Furniture,['B018F3ZEYK']
Beds,['B018F3ZEYK']
Jointer Knives,['B005NYXT60']
Air Conditioning Tools & Equipment,['B008PKV0TM']
Air Conditioning Line Repair Tools,['B008PKV0TM']
Cleaning Tools,['B072JN1K8G']
Mopping,['B072JN1K8G']
Buckets,['B072JN1K8G']
Diving Gloves,['B07D37V3PQ']
Pool Rafts & Inflatable Ride-ons,['B07WFR4F4L']
Outdoor,"['B088SL9M27', 'B0916XWRY3']"
Rain Footwear,['B088SL9M27']
Kitchen Accessories,['B08XLXVGGW']
Cookbook Stands & Recipe Holders,['B08XLXVGGW']
Recipe Holders,['B08XLXVGGW']
Shower Curtains,['B09WN2MVVP']
Sports Nutrition,['B06ZYKZ3VS']
Protein,['B06ZYKZ3VS']
Blends,['B06ZYKZ3VS']
Clothing & Closet Storage,"['B095PGKMDH', 'B01F7QECQE', 'B0C6QFMJRP']"
Moving Bags,['B095PGKMDH']
Body Repair Tools,['B07PFL4YTN']
Buffing & Polishing Pads,['B07PFL4YTN']
Sports Bras,['B01N9SFH0B']
Bikes,"['B0BB9SSGHP', 'B0CZ87GYJT']"
Electric Bicycles,['B0BB9SSGHP']
Cell Phones,['B0939K5M9Q']
Crossbody & Lanyard Cases,['B08PQMTGHG']
Bed Frames,['B0989ZCGH6']
Bed Blankets,"['B09JCLB24V', 'B07SS833K7', 'B09JDVBJ2W']"
Vases,"['B0B4FSMH1B', 'B0C4GJ66JL']"
"Gun Accessories, Maintenance & Storage","['B001Q8INCW', 'B07DMBTFDC', 'B087BG8ZYJ']"
Gun & Ammunition Storage & Safes,['B001Q8INCW']
"Ammunition & Magazine Boxes, Cans & Cases",['B001Q8INCW']
Workholding Devices,['B09WMPKGBH']
Clamps,['B09WMPKGBH']
Angle Clamps,['B09WMPKGBH']
Wellness & Relaxation,['B08796TCS8']
Massage Tools & Equipment,['B08796TCS8']
Massage Tools,['B08796TCS8']
Back Massagers,['B08796TCS8']
Dining Room Furniture,"['B08NY4LRLY', 'B08GJQJLWM']"
Table & Chair Sets,['B08NY4LRLY']
Paper,"['B07DZTQ91Q', 'B0881GXHSC', 'B000FNDCC0']"
Notebooks & Writing Pads,"['B07DZTQ91Q', 'B000FNDCC0']"
Subject Notebooks,['B07DZTQ91Q']
"Jams, Jellies & Sweet Spreads",['B000JXR0NS']
"Jams, Jellies & Preserves",['B000JXR0NS']
Jams & Preserves,['B000JXR0NS']
Racks & Cabinets,['B082H8NVZF']
Pliers,['B09KBT7FY6']
Vise Grips & Locking Pliers,['B09KBT7FY6']
Sweaters,"['B00S3UUN0G', 'B095W5XWXV']"
Cardigans,['B00S3UUN0G']
Lamps & Lighting,['B09NPW43QY']
Video Converters,['B075454YKR']
Drum & Pail Handling Equipment,['B00PKVS3HG']
Heaters,['B00PKVS3HG']
Bike Tools & Maintenance,"['B09BQWLGHB', 'B001C67HCK']"
Shop Tools,['B09BQWLGHB']
Wall-Mounted Fans,['B0BVBB72L5']
Office Furniture & Lighting,"['B08D3LQ3TZ', 'B07XQHNY45', 'B09G5RGHKS', 'B08K8S5DWT']"
Furniture Accessories,"['B08D3LQ3TZ', 'B07XQHNY45', 'B09G5RGHKS', 'B08K8S5DWT']"
Back & Seat Cushions,['B08D3LQ3TZ']
Grinders,['B07K52RZRG']
Angle Grinders,['B07K52RZRG']
Laundry Storage & Organization,"['B0CBZ64CZW', 'B07RH8N56Q']"
Laundry Hampers,['B0CBZ64CZW']
Home Bar Furniture,['B0CDGGC57K']
Bars & Wine Cabinets,['B0CDGGC57K']
Bar Cabinets,['B0CDGGC57K']
Decorative Pillows,['B0BVYTPSHN']
Chimney Brushes,['B0CJXKM5B4']
Outdoor Games & Activities,['B0CTR4RQDT']
Disc Sports,['B0CTR4RQDT']
Disc Golf,['B0CTR4RQDT']
Discs,['B0CTR4RQDT']
Drivers,['B0CTR4RQDT']
Light Therapy,['B08KG2S578']
Outdoor Cooking Tools & Accessories,['B0C65PQ511']
Grilling & Barbecue Utensils,['B0C65PQ511']
Barbecue Skewers,['B0C65PQ511']
Slipcovers,['B08RN8B5YL']
Sofa Slipcovers,['B08RN8B5YL']
Additive Manufacturing Products,['B09TKCY9HY']
3D Printers,['B09TKCY9HY']
Safety & Survival,['B0CC5YDQ7M']
Hand & Foot Warmers,['B0CC5YDQ7M']
Hand Warmers,['B0CC5YDQ7M']
"Shoe, Jewelry & Watch Accessories",['B08CXGTXN1']
Jewelry Accessories,['B08CXGTXN1']
Jewelry Boxes & Organizers,['B08CXGTXN1']
Jewelry Trays,['B08CXGTXN1']
Fountains,['B07L5GK29S']
Smartwatch Accessories,"['B0BF918VFZ', 'B0C4H1137B']"
Smartwatch Screen Protectors,['B0BF918VFZ']
Grooming,['B0041KSU16']
Scissors,['B0041KSU16']
Hoodies & Active,['B07YGGBZ18']
Snow & Ice,['B0CKLDX52J']
Windshield Snow Covers,['B0CKLDX52J']
Face Creams,['B00WSPJUPG']
Football,"['B086ZMC5W7', 'B0BD547MTG']"
Face Guards,['B00T3QA0B6']
Charger & Converters,['B002Q0Y5MG']
Battery Chargers,['B002Q0Y5MG']
Power Rotary Tool Parts & Accessories,['B09HTWWXSV']
Cutting Wheels,['B09HTWWXSV']
Hats & Caps,['B08V6GWSQ4']
Skullies & Beanies,['B08V6GWSQ4']
Body Wash Gels,['B0C3M12R6B']
Nightgowns & Sleepshirts,['B005MFI3SO']
Vacuums & Floor Care,"['B08M36B5JZ', 'B00CPSF2U8']"
Vacuums,['B08M36B5JZ']
Canister Vacuums,['B08M36B5JZ']
Wall Clocks,"['B0C6DWCBQG', 'B07L3SWQRX']"
Adirondack Chairs,['B0BL6RM9WX']
Bearings & Seals,['B0747ZWCGN']
Bearings,['B0747ZWCGN']
Wheel,['B0747ZWCGN']
Hub Assemblies,['B0747ZWCGN']
"Labels, Indexes & Stamps","['B00I35Z6JY', 'B074J6BC6J']"
Labels & Stickers,"['B00I35Z6JY', 'B074J6BC6J']"
All-Purpose Labels,['B00I35Z6JY']
Holders & Dispensers,['B0C9C8QYD9']
Vanity Trays,['B0C9C8QYD9']
Decorative Signs & Plaques,['B0792K6SH6']
Playards,['B0C58J3Z3R']
Fashion Hoodies & Sweatshirts,['B086145R2W']
Boys,"['B093QJ39ZS', 'B016QAN2RA', 'B079FGDSVH', 'B00J65R5Q2', 'B076BP7CBZ', 'B07YXNN2G1', 'B07W5TLD7C', 'B09FRWLNDC']"
Luggage,['B07QYGJQLY']
Carry-Ons,['B07QYGJQLY']
Active Sweatshirts,['B095GG6QDN']
Measuring & Layout Tools,['B00EC8N5ZI']
Linear Measurement,['B00EC8N5ZI']
Tape Measures,['B00EC8N5ZI']
Bike Lube,['B001C67HCK']
Straws,['B09V63FPZZ']
Reusable Straws,['B09V63FPZZ']
Internal Components,['B00MFD3KZC']
Internal Power Supplies,['B00MFD3KZC']
Studio Recording Equipment,['B001UO05YG']
Mixers & Accessories,['B001UO05YG']
"Bags, Cases & Covers",['B001UO05YG']
Kitchen & Bath Fixtures,"['B07DF1WDCY', 'B00A6X0QJQ', 'B08K7G25J3']"
Bathroom Fixtures,['B07DF1WDCY']
Bathroom Sinks,['B07DF1WDCY']
Console Sinks,['B07DF1WDCY']
Oral Care,['B094RHL4CT']
Toothbrushes & Accessories,['B094RHL4CT']
Powered Toothbrushes & Accessories,['B094RHL4CT']
Powered Toothbrushes,['B094RHL4CT']
Sonic,['B094RHL4CT']
Car Care,['B00G4NYOGI']
Interior Care,['B00G4NYOGI']
Leather Care,['B00G4NYOGI']
Disposable Drinkware,['B004NG90C6']
Camera & Photo,['B08SBVRYVH']
Tripod & Monopod Accessories,['B08SBVRYVH']
Camera Mounts & Clamps,['B08SBVRYVH']
Pulls,['B06XWK47YR']
Fuel System,"['B08NSX1LN8', 'B07GZJT61Z', 'B0126MEK3C']"
Carburetors,['B08NSX1LN8']
"Racks, Shelves & Drawers",['B092TZXDJT']
Standing Shelf Units,['B092TZXDJT']
Health Care & Food Service,['B07B812XX9']
Fish & Aquatic Pets,['B0C2CJH9QD']
Aquarium Pumps & Filters,['B0C2CJH9QD']
Air Pumps,['B0C2CJH9QD']
Cushions,['B0C2423WKH']
Laser & Inkjet Printer Labels,['B074J6BC6J']
Concealers & Neutralizers,['B0018QO7LS']
Sports Equipment,['B07CVSD9TG']
Golf Equipment,['B07CVSD9TG']
Golf Gift Sets,['B07CVSD9TG']
Cards & Card Stock,['B0881GXHSC']
Business Cards,['B0881GXHSC']
Scrapbooking & Stamping,"['B08239C5LR', 'B0BXHZYYDL']"
Stamps & Ink Pads,['B08239C5LR']
Stamps,['B08239C5LR']
Wood Stamps,['B08239C5LR']
Highlighter Tape,['B08QMCQYGM']
Underwear,"['B08F9NV1X2', 'B09KHX7J9L']"
Undershirts,['B08F9NV1X2']
Weight Loss,['B01AX90IYK']
Supplements,['B01AX90IYK']
Diuretics,['B01AX90IYK']
Shampoo & Conditioner,"['B08MM9WKGV', 'B0169ZPWUW']"
Shampoos,['B08MM9WKGV']
Water Filtration & Softeners,['B00A6X0QJQ']
Replacement Water Filters,['B00A6X0QJQ']
Replacement Under-Sink Water Filters,['B00A6X0QJQ']
Windshield Wipers & Washers,['B095C8Q1X6']
Windshield Wiper Nozzles,['B095C8Q1X6']
Home Office Furniture,"['B08CS35J2T', 'B0957N9LN6']"
Home Office Desks,['B08CS35J2T']
Field Hockey & Lacrosse,['B0815MWTRS']
Trampolines,['B087LTRMG6']
"Tops, Tees & Shirts",['B079FGDSVH']
Tees,"['B079FGDSVH', 'B08WPMQWJQ']"
Platforms & Wedges,"['B081CPNNSB', 'B000KCZQZ2']"
Saws,['B09FK6XXKZ']
Circular Saws,['B09FK6XXKZ']
Clothing Sets,['B07NQK177L']
Pant Sets,['B07NQK177L']
Vacuum Parts & Accessories,['B00CPSF2U8']
Bags,['B00CPSF2U8']
Upright Bags,['B00CPSF2U8']
Flats,['B08T121NG6']
Weighted Blankets,['B09C85ZRQT']
Chair Mats,"['B07XQHNY45', 'B08K8S5DWT']"
Hard-Floor Chair Mats,['B07XQHNY45']
School Uniforms,"['B00J65R5Q2', 'B00XBBA834']"
Tops,"['B00J65R5Q2', 'B092RD98M5']"
Jackets & Coats,['B07YDM2NF9']
Leather & Faux Leather,['B07YDM2NF9']
"Photo Albums, Frames & Accessories",['B079L7YGH3']
Picture Frames,['B079L7YGH3']
Wall & Tabletop Frames,['B079L7YGH3']
Body Glitter,['B08JSQB7DY']
Gym Bags,['B0BVV7BKTW']
Sports Duffels,['B0BVV7BKTW']
Pendant Lights,['B08B1GTQXQ']
Instrument Accessories,['B000XLX74M']
Drum & Percussion Accessories,['B000XLX74M']
Drum Set Accessories,['B000XLX74M']
Drumheads,['B000XLX74M']
Tom-Tom Drumheads,['B000XLX74M']
Talcum Powders,['B01G6KZAJ8']
"Keyboards, Mice & Accessories",['B008OEHPKM']
Keyboards,['B008OEHPKM']
"Collars, Harnesses & Leashes","['B09GF8GBF6', 'B06XFLHM81']"
Harnesses,['B09GF8GBF6']
Vehicle Harnesses,['B09GF8GBF6']
Hinges,['B09SJ6HF6X']
Stylus Pens,"['B074YQP3M8', 'B0C993RWCD']"
Runners,['B00XQDCG1Y']
Router Parts & Accessories,"['B00ECBYRCK', 'B0BHW1Y5JS']"
Collets,['B00ECBYRCK']
Hardwood Flooring,['B0BX3P7N44']
Candlestick Holders,['B097Q4B1N2']
Tactical & Personal Defense,['B073C9VDJR']
Personal Defense Equipment,['B073C9VDJR']
Stun Guns,['B073C9VDJR']
Racks & Holders,"['B0BMQ3DP3Y', 'B07J9RCLCZ']"
Cabinet & Drawer Organization,['B0BMQ3DP3Y']
Shelf Liners,['B0BMQ3DP3Y']
Travel & To-Go Food Containers,"['B07WSMJ7K9', 'B08BDHLCS5']"
Lunch Bags,['B07WSMJ7K9']
Trailer Accessories,['B09NBQR3GH']
Lighting,['B09NBQR3GH']
Footwear,['B08HJRTRG3']
Casters,['B09G5RGHKS']
Kickboards,['B0CYGZK3PL']
Fuel Pumps & Accessories,['B07GZJT61Z']
Electric Fuel Pumps,['B07GZJT61Z']
Recovery Collars & Cones,['B09KY5J71D']
Gun Parts & Accessories,['B07DMBTFDC']
Monopods & Bipods,['B07DMBTFDC']
Flip Cases,['B09G98L84Y']
Network Adapters,['B0BTHP6T2F']
USB Network Adapters,['B0BTHP6T2F']
Fuel Injection,['B0126MEK3C']
Fuel Injectors & Parts,['B0126MEK3C']
Fuel Injectors,['B0126MEK3C']
Bronzers,['B01LMN6D40']
Décor,"['B08NW4N1R1', 'B00E3YVA6W']"
Sofas & Couches,['B01D4DHWQ4']
Kitchen Fixtures,['B08K7G25J3']
Kitchen Sink Aerators,['B08K7G25J3']
Home Fragrance,"['B07L19BHH6', 'B09VL925TR']"
Home Fragrance Accessories,['B07L19BHH6']
Laundry Bags,['B07RH8N56Q']
Footies & Rompers,['B076PFFTQD']
Rompers,['B076PFFTQD']
Smartwatch Bands,['B0C4H1137B']
Cables,['B08B3LZNRP']
Optical,['B08B3LZNRP']
Helmets & Headgear,['B0BD547MTG']
Helmets,['B0BD547MTG']
"Calendars, Planners & Personal Organizers","['B09QDT9KJ3', 'B0BBQG6M9Y']"
"Planners, Refills & Covers","['B09QDT9KJ3', 'B0BBQG6M9Y']"
Planners,"['B09QDT9KJ3', 'B0BBQG6M9Y']"
Eyeshadow,['B097LJPHWS']
Hanging Wall Files,['B07D74C51K']
Bath Accessories,['B016N09IXK']
Wigs,['B003JH8SU0']
Bath Additives,['B06XYGBZ4Q']
Bath Oils,['B06XYGBZ4Q']
Active Hoodies,"['B07YXNN2G1', 'B09FRWLNDC']"
Job Site Lighting,['B07TWRJ4XX']
Wall Stickers & Murals,['B00422MR12']
Accessories & Supplies,"['B00Q2XHECQ', 'B0832V7FJ6']"
Office Electronics Accessories,['B00Q2XHECQ']
Labeling Tapes,['B00Q2XHECQ']
Body & Trim,['B0BSLFGTWK']
Trim,['B0BSLFGTWK']
Dashboards,['B0BSLFGTWK']
Watering Equipment,['B001J221JQ']
Automatic Irrigation Equipment,['B001J221JQ']
Clothing Accessories,['B08FD9XQYY']
Caps & Hats,['B08FD9XQYY']
Novelty Headwear,['B08FD9XQYY']
Printers,['B0BDD46HFV']
Inkjet Printers,['B0BDD46HFV']
Ink Tank Printers,['B0BDD46HFV']
Car Audio,"['B095J7GKQ2', 'B07GVR1XLS']"
Subwoofers,['B095J7GKQ2']
Component Subwoofers,['B095J7GKQ2']
Sewing Machine Parts & Accessories,['B00WOV23JO']
Attachments,['B00WOV23JO']
Bathroom Towels,['B09J1LNKNM']
Greenhouses & Plant Germination Equipment,['B085ZSGPXB']
Greenhouses,['B085ZSGPXB']
Deadbolts,['B09787TSGN']
Home Office Chairs,['B0957N9LN6']
Home Office Desk Chairs,['B0957N9LN6']
Wall Chargers,"['B09LGYJ5F4', 'B0B1M1GQQW']"
Play Sets & Playground Equipment,['B07CVDFV3D']
Parts & Hardware,['B07CVDFV3D']
Router Bits,['B0BHW1Y5JS']
"Straight, Spiral & Trim Bits",['B0BHW1Y5JS']
Spiral,['B0BHW1Y5JS']
Wall Décor,['B00E3YVA6W']
Stickers,['B00E3YVA6W']
Polos,['B08P63FLH3']
Stand-Up Paddleboarding,['B09QQTX1H8']
Sleep Bottoms,['B08SX7WH8H']
Faucet Flanges,['B01FLH4TC6']
Memo & Scratch Pads,['B000FNDCC0']
Bulbs,['B0CNRJHVNV']
Headlight Bulbs,['B0CNRJHVNV']
Novelty & Gag Toys,['B0CJNKLY1C']
Fidget Toys,['B0CJNKLY1C']
Food Processors,['B07T7KN9NY']
Handlesets,['B081DXW82P']
"Test, Measure & Inspect",['B07SG655ZG']
Dimensional Measurement,['B07SG655ZG']
Gauges,['B07SG655ZG']
Thickness,['B07SG655ZG']
Skiing,['B0CHBGFQY5']
Jackets,['B0CHBGFQY5']
Vinyl Flooring,['B09JQN5YTQ']
Recessed Lighting,['B08QSHFGXX']
Housing & Trim Kits,['B08QSHFGXX']
Buffets & Sideboards,['B08GJQJLWM']
Lighters & Matches,['B09R2LK61P']
Lighters,['B09R2LK61P']
Thermocoolers,['B08BDHLCS5']
Wine Racks & Cabinets,['B07J9RCLCZ']
Tabletop Wine Racks,['B07J9RCLCZ']
Glitter,['B0090B8K8O']
Novelty & More,['B09KHX7J9L']
Novelty,['B09KHX7J9L']
Sneakers,"['B08CXLD6F5', 'B07W5TLD7C']"
Wall Art,['B0CC17TDSQ']
Paintings,['B0CC17TDSQ']
Hiking & Trekking,['B0916XWRY3']
Hiking Shoes,['B0916XWRY3']
Mounted Closet Systems,['B01F7QECQE']
Power Strips & Surge Protectors,['B0832V7FJ6']
Surge Protectors,['B0832V7FJ6']
RV & Trailer Covers,['B00TF8G8EA']
Speakers,['B07GVR1XLS']
Coaxial Speakers,['B07GVR1XLS']
Gate Hardware,['B0C6PCX1X3']
Gate Hinges,['B0C6PCX1X3']
Brands,['B01KVFY1OO']
Irwin,['B01KVFY1OO']
Woodworking,['B01KVFY1OO']
Clamping Tools,['B01KVFY1OO']
Bar Clamps,['B01KVFY1OO']
Hand Wraps,['B082NP96XX']
Collars,['B06XFLHM81']
Basic Collars,['B06XFLHM81']
Gaming Chairs,['B0D3PRP6ZC']
Computer Gaming Chairs,['B0D3PRP6ZC']
Craft Bells,['B07TNPHYNV']
Futons,['B071F8YM4V']
Futon Sets,['B071F8YM4V']
Folding Bikes,['B0CZ87GYJT']
Pressure Washer Parts & Accessories,['B08S454V79']
Hoses,['B08S454V79']
Comforters & Sets,"['B09NM18BH3', 'B085NWKYJX']"
Comforter Sets,"['B09NM18BH3', 'B085NWKYJX']"
Tubing & Hoses,['B003E63HZM']
Bedding Accessories,['B0BNCGV28T']
Sheet Fasteners,['B0BNCGV28T']
Faucet Handles,['B00CD774IE']
Suiting & Blazers,['B093B1PR53']
Suit Sets,['B093B1PR53']
Double-End Bags,['B072HC3QH4']
Bikinis,['B092RD98M5']
Car Travel Accessories,['B01MYUYX33']
Booster & Car Seats,['B01MYUYX33']
Hole Saws & Accessories,['B01N9JLDBK']
Hole Saws,['B01N9JLDBK']
"Gun Holsters, Cases & Bags",['B087BG8ZYJ']
Rifle Cases,['B087BG8ZYJ']
Soft Rifle Cases,['B087BG8ZYJ']
PlayStation 4,['B00LTT1F5A']
Foot Creams & Lotions,['B01DDW7SLK']
Face Pack,['B09TFQ63ZK']
Vitamin C,['B016SCF5XK']
Craft & Sewing Supplies Storage,['B0BSD7BQBG']
Yarn Storage,['B0BSD7BQBG']
Eyelets & Grommets,['B0053A9PKS']
Stickers & Sticker Machines,['B0BXHZYYDL']
Punches,['B000UYV0WI']
Arch Punches,['B000UYV0WI']
Dress Up & Pretend Play,['B09YCMHPWN']
Dress-Up Accessories,['B09YCMHPWN']
Masks,['B09YCMHPWN']
"Makeup, Facial Hair & Adhesives",['B00S54UH1A']
Facial Hair,['B00S54UH1A']
"Bags, Packs & Accessories",['B09DKKWRJT']
GPS Trackers,['B07ZH5JR1J']
Art Paper,['B073SPYFMN']
Sketchbooks & Notebooks,['B073SPYFMN']
eBook Readers & Accessories,['B09HW4QC3Y']
eBook Readers,['B09HW4QC3Y']
Incense & Incense Holders,['B09VL925TR']
Incense Holders,['B09VL925TR']
Adjustable Wrenches,['B0B9HPXNWK']
Hearing Protection,['B001D8CRB8']
Safety Earmuffs,['B001D8CRB8']
Sauté Pans,['B00BLA4Z4K']
Mattresses & Box Springs,"['B09V6S1D5S', 'B07VDCY1HD']"
Mattresses,"['B09V6S1D5S', 'B07VDCY1HD']"
Nintendo Systems,['B0BMLST3SZ']
Nintendo 3DS & 2DS,['B0BMLST3SZ']
HVAC,['B005ESNEYW']
Furnace Parts & Accessories,['B005ESNEYW']
Furnace Filters,['B005ESNEYW']
Kayaking,['B0C7BP6VR1']
Indoor Kayak Storage,['B0C7BP6VR1']
Under-Bed Storage,['B0C6QFMJRP']
Tablecloths,['B07Q5VTN34']
Circular Saw Blades,['B08PYCD4XV']
Torque Wrenches,['B005EXPIO6']
Essential Fatty Acids,['B018WSR9N2']
Omega Oils,['B018WSR9N2']
Omega-3,['B018WSR9N2']
Car Video,['B0B9MFXJW4']
Overhead Video,['B0B9MFXJW4']
Hydration & Filtration,['B0776W7JM5']
Canteens,['B0776W7JM5']
Primer,['B00CBJWBPU']
Cutters,['B005EXO5CC']
Wire Cutters,['B005EXO5CC']
Tumblers & Water Glasses,['B001CQEY3K']
Screwdriver Accessories,['B00LAEOM2M']
Screwdriver Bit Sets,['B00LAEOM2M']
Crimpers,['B0058EDMBC']
Tool Sets,['B0BLRY7Z69']
Desk Lamps,['B0CC1NYW5F']
Candlesnuffers,['B0BQ22LH2H']
Zippers,['B093HB7XK3']
Yard Signs,['B07D4R3BLR']
Conditioners,['B0169ZPWUW']
Candles,['B0CQ43MLGW']
Jar Candles,['B0CQ43MLGW']
Sockets & Socket Sets,['B07N8G6NLK']
Drive Socket Sets,['B07N8G6NLK']
"Tape, Adhesives & Fasteners",['B015G7T7UA']
Transparent Tape,['B015G7T7UA']
Rollerball Pens,['B0053TTXVU']
Gel Ink Rollerball Pens,['B0053TTXVU']
Adhesives & Sealers,['B001E5L19O']
Wood Filler,['B001E5L19O']
Carpet Chair Mats,['B08K8S5DWT']
