department,top_5_asins
883 Police Full Sleeve Solid Men's Jacket,['JCKEG4AKNM3HP3MG']
"ABEEZ Boys, Men, Girls (Black, Pack of 1)",['WTBEJZNYZESBJZRT']
ANAND ARCHIES Girls Flats,"['SNDEG6GXHRGGGFYB', 'SNDEG6GXKQNZTSKK']"
ANAND ARCHIES Girls Wedges,['SNDEG6GXFS5RYFGK']
ANASAZI Casual 3/4 Sleeve Solid Women's Top,['TOPEHZNT48HMRU59']
ATV Pouch for Acer Liquid Z330 (STEEL BLUE),['ACCEJMAZVTQYQMQJ']
Abhinl Fashion Cotton Printed Semi-stitched Salw...,['FABEG7D8SFXTJCUD']
"Adidas IND PRO THI GUA Thigh Guard (White, Blue,...",['GUAEJGQCH9BNFH2J']
Ajaero Slim Fit Women's Dark Blue Jeans,"['JEAEGHQYYGDYDBWY', 'JEAEGF5GNHT4TNMJ']"
Amita Home Furnishing Cotton Floral Single Bedsh...,['BDSEGCYH6DKCNCMZ']
Amita Home Furnishing Cotton Printed Single Beds...,['BDSEGCYH59Z8HXRR']
Anuradha Art Stylish Hair Clip (Black),['HACEGGERAPW67KFW']
Anuradha Art Stylish Hair Clip (Blue),['HACEGGERPZDHNCFS']
"Areon Luxurious Fragrance Long Lasting Car,Home,...",['AIREHRXSYBMXKB4X']
Arial Morris Women Flats,['SNDEHZKDYYWENBBB']
Asics Gel-Cumulus 17 Running Shoes,['SHOEHEP5EWSGZ7XA']
Asics Gel-Kayano 22 Running Shoes,['SHOEHEP5H5XGFZJY']
Attitude Printed Women's Round Neck Black T-Shirt,['TSHEGHHU6C28JJUH']
"Auraa Men's, Women's Solid No Show Socks",['SOCEGGZ8MHX79YGA']
AutoKraftZ Optimum Locking Device For Bajaj Puls...,['HLKEGF6PTASUPHYY']
Automation & Robotics,['SLOEBHYNHETSRBXN']
Automotive,"['CWRE84EDSKFE8KF5', 'ACCEG2WWRHZHD2UC', 'AVCEGCNVZJHWXBMT', 'CGCEG28UCFAFNXBH', 'CRTE92XDZXRJ4ARM']"
Autoplus M AP15 Arm Sleeve (Black),['ALSEHDQCNCHTUGXT']
Autoplus M AP18 Arm Sleeve (Black),['ALSEHDQUJHGT2EZ5']
BALAJI EXPORTS Bottled Wine Cooler (9 Bottles),['WCREH9GEPFAZVUK4']
BLM Casual Printed Women's Kurti,['KRTEGDXWXAD3N4B9']
Baby Care,"['STREDF58JH3GQZF9', 'BIBEJCBYSWXBFFJ9', 'RUGEHCDG6DKDUCDZ', 'STIE9F5UFZDFWZYR', 'STIEBU65ZEWJE2Q7']"
"Bags, Wallets & Belts","['BKPEDM7H2MZG2EWH', 'HMBEJ9H47GZMSX6G', 'HMBEFUYUZFHKB6HH', 'BKPEGE8YCJTWDFTC', 'STCEGDYG8WAQCF3V']"
Be 13 Printed Boy's Round Neck T-Shirt (Pack of 2),['TSHEHHHDSKPYGUW2']
Beauty and Personal Care,"['CNDEGEPEK5GEH58K', 'ELTEJXM48D3HAUFB', 'RPEEGGDJN5D8HFRM', 'HRCEGVZ9GNYJNREX', 'BDDEH93ZEEZY7CHM']"
Behringer Xenyx 502 Analog Sound Mixer,['SNMEHEYXQCEW3JCQ']
Bengal Blooms Rose Artificial Plant  with Pot (3...,['ARPEGDHSXZJSHGSN']
Bootwale Bellies,['SHOEHYEYZUBMK8F2']
Boreal Roller Brush,['HRBEHD9WUWPAWRDZ']
Breakbounce Men's Vest,['VESEG4CXFGBJWHXU']
BuildTrack PIR Wireless Motion Sensor - One Swit...,['SSSEHDP9RFW7ZGNG']
COIRFIT Single Coir Mattress,"['BEMEGFHSDCNRX9SG', 'BEMEGFHSMHZYNZB8']"
Cameras & Accessories,"['ACCEGXK4RRVYHJZR', 'ACCDNSFXZFHQ9MRR', 'ACCED842W6KR595R', 'ACCED842XGG998ZC', 'ACCEGP52WRHFURYZ']"
Camey Men's Quarter Length Socks,"['SOCEHDGFUMY5M4D3', 'SOCEHDGFYZUYBZ3T']"
Car vastra 1pcs Car Vastra Honda Beige Backrest ...,['MASEHCDZJHYU5UZH']
Carbanao Chrome Grill Chevrolet Cruze Car Grill ...,['CGCEEFZSURUGRCUG']
Cellbazaar Blackberry 8520 WHITE LCD LCD (YIT-562),['MDYEHDH9HMZPANGJ']
Clickforsign Vehicles parked Illegally will be t...,['EMSEDSHQHJX3AHHW']
Clothing,"['JUMEHUFGYXJYP29C', 'ETHEGDTGYCFHJEEF', 'SHTEAE8HHAH3GCWY', 'BZREHJ6ZXZ9YWZFB', 'SARE3F6HTYNP7VGG']"
Clovia Lingerie Set,['LINEHAGVMJ7QUUFJ']
Clovia Women's Full Coverage Bra,"['BRAEGJFXVYH38FPM', 'BRAEGJFXV7XKSGA2', 'BRAEGJFXJGTRFEYE', 'BRAEGJFX4TT4SEGR', 'BRAEGJFXBGRJKXPN']"
Clovia Women's Plunge Bra,['BRAEGJFXHYTGZ2QC']
Clovia Women's T-Shirt Bra,"['BRAEGJFXKH8YPEZZ', 'BRAEGJFXSM9ZQ6SK', 'BRAEGJFXNGCKADF6', 'BRAEGJFXQ6ZMRMAF', 'BRAEGJFXGYFPGHYG']"
Computers,"['RTRECZANMW6UAQ5A', 'RTREFJRJN2Y6CQJS', 'ACCDSY8E3XGY8UFZ', 'RTRDNHMRFZTR3ZPZ', 'CPUEJ2CMBFHTTHSJ']"
Corcepts Universal Tablet HD Ultra Clear Transpa...,"['ACCEHQJT59UZYR7B', 'ACCEHQJT86WCX9ZA']"
Crafty Hands Kutchchi Mirrorwork Tapestry (Maroon),"['TPYEGGDXBBM74U5V', 'TPYEGGGZHDFZWZ2X']"
D&D Women Flats,"['SNDEGGRJCFZZKK7Q', 'SNDEGGRYTVYGPR6F']"
Dassler Slim Fit Women's Multicolor Jeans,"['JEAEHUHKMA8EGUUU', 'JEAEHUHKEAEUXSRQ', 'JEAEHUHKSYBRET3D']"
Dilan Jewels Alloy Zircon 18K Yellow Gold Bangle...,"['BBAEGG92TNZXGWP2', 'BBAEGFHXHG9BJS8K', 'BBAEGGDE8QWHDEYB']"
Dolz Slim Fit Fit Women's Brown Jeans,['JEAEHYZMPCBH3HCZ']
Dremel 2615.023.132 Plastic Friction Work Bench ...,['TCBEHH36VGBN92BH']
Dressberry Black Synthetic  Clutch,"['CLTEHE9FD2APDRWQ', 'CLTEHE9FDPYN5TQ3']"
Dressberry Gold Synthetic  Clutch,"['CLTEHE9FC9GPHNF2', 'CLTEHE9FNRZSJGNB', 'CLTEHE9FKGAZSNXR', 'CLTEHE9FS4UCYDGH']"
Dressberry Green Synthetic  Clutch,['CLTEHE9FJRKY7HKR']
Dressberry Orange Synthetic  Clutch,['CLTEHE9FNVRTJUGS']
E'Hiose Girl's Leggings (Pack of 6),['LJGEG57EHMYZQDZU']
EASIES Solid Single Breasted Casual Men's Blazer,"['BZREHKZP2NFKVKGV', 'BZREHKZPGCZNTHAT']"
Escan Lace Up,['SHOEHDMYWZNYA7HH']
Eternal Gandhi Super Series Crystal Paper Weight...,['PWTEB7H2E4KCYUE3']
Eyewear,"['FRAEGWYAJZKS5RNK', 'FRAEJU5DMZFGFUEX', 'FRAEGWYADDXUXCZY', 'FRAEGC94M7MZUU2G', 'FRAEGWY8MX9ZRY5Z']"
FEET FLOW Women Flats,"['SNDEGGQTJZNMGP32', 'SNDEGH3HWXFBXZJX', 'SNDEGGQVCF8WEHEP', 'SNDEGGA6DEY3GHEF']"
FIFO Bottom Women's  Combo,['ACBEHFQC8GH5YMQZ']
Fabpoppy Printed Women's Jumpsuit,['JUMEHGYX4SXZB5K4']
Favourite BikerZ 3514 RAD air filter Ionic Air F...,['VAFEHQZYGH5HRJJP']
"Firangi Cotton, Polyester Free Floor Mat Firangi...","['MATE49ATZAJFGTHF', 'MATE49ATBA9NXCBG', 'MATE49ATGDAF4VAW', 'MATE49ATDVVEEEAN']"
Fly U Slim Fit Fit Women's Brown Jeans,['JEAEHYZRRZDZZNWT']
Food & Nutrition,"['PSLEAVTQQXEXZYYZ', 'PSLEAVTQRYZP3YVG']"
Foot Candy Women Flats,['SNDEGGTV9XERMGHH']
Footwear,"['SHOE3S9BGUAGYE5X', 'SHODZU52YFHY6ZV5', 'SNDDVP9CYXHTZ7XC', 'SHOEDHHSRF6FMWGA', 'SHOEBG6ZDGSSUTHP']"
Frabjous German silver Rings For Women Alloy Zir...,"['RNGEHFDYKFNM4UWZ', 'RNGEHFDYGPHZ3HGA', 'RNGEHFDYHVSR3SMH']"
Furniture,"['SOFEE2TZENKKKYY7', 'SOFEDVYZFGA9KG6N', 'SOFEDVYZPCRAFKEQ', 'SBEEH3QGWRGG3J6Q', 'SOFEE7ACBVAGKYUV']"
GALLOWAY skinny Fit Women's Jeans,"['JEAEHGTNPFBVGX2W', 'JEAEHGT9Z7T9YRGS']"
GM Power mate 4 Strip Surge Protector (White),['SUREHTCAEFZJ5ZQZ']
Gaming,"['ACCEH8HCRKMVZBVF', 'ACCEGWH3SKZJQXJQ', 'ACCEGGAYKTBCGT2R', 'ACCEGGDGP2KETAD9', 'ACCEGWH3M56QEA7Q']"
Gking Hand Stiched Steering Cover For Maruti Ert...,['CSOEHQTYCCJADHTG']
Gking Hand Stiched Steering Cover For Renault Sc...,['CSOEHQUY7HYGZPDU']
Glacier Running Shoes,['SHOEFPCBUQHV7YUG']
HANS Men's Crew Length Socks,"['SOCEGHM9VGXDGFMF', 'SOCEGHM6QFEFATF4']"
Health & Personal Care Appliances,"['SHVD2H7URCYYAHAH', 'SHVDKAYXPNNHWZAD', 'HDNEDVWY7YJTQZAZ', 'HDNEDVWYCSDUPFND', 'HDNEDVWYBF3PGSFE']"
Himmlisch 20503 Car Bottle Holder (Plastic),['CBHEJVGBWGPXGMUE']
Home & Kitchen,"['FDMEEHE6PWNXWYMK', 'MRCEGVVBSGYFZ4FN', 'MIXEFUMYMTKP6DQC', 'RFREHGN3X3FHM4YY', 'RFREGWK39RY6V9ZQ']"
Home Decor & Festive Needs,"['GRAEDCRWFFYQVH2E', 'SHIEBWNUURZ8BWDZ', 'SHIE9FMP3RBSYMEV', 'SHIE9J6PAJGHYX6B', 'PTGEGUZZJXXJBGPQ']"
Home Entertainment,"['HTHEF7NSJAHRVHXZ', 'HIFEB7J3GSTVN5XJ', 'HTHEDJCGQZ2RHXVZ', 'ACCEGDYPYDBWH3U8', 'HTHEDB2HKFRSWAVS']"
Home Furnishing,"['BLAEB3XAJTYHENHP', 'BLAEAWAAVZBFWVSM', 'BDSE7FQ52B4P2Y6G', 'BLAEAWAB6GVKTJGW', 'BLAEB3XANVZX7KXN']"
Home Improvement,"['SCHE82QGQ2XPDCYM', 'PAEE8AHWJWMDAXZU', 'WRSE4G5XJHJKGQPY', 'FSEEJVNPKJZ6GZPY', 'SCHE4YSTZ8YYTCYZ']"
Household Supplies,"['KSCEG8EZHSRYDQNZ', 'KSCEG8HSR59YGGVP', 'KSCEG7CHTWWW4SPG', 'KSCEG7CHHJUHMVH2']"
INDILEGO Women Flats,"['SNDEGFHSZDHSNJFM', 'SNDEGFJHB7XH9YPW']"
INVENTURE RETAIL Nail Cutter,['NCCEHZTVHHY8BNDD']
Impala Alloy Cufflink (White),['CTPEGGFSTGPEZEUZ']
Indistar Self Design Viscose Women's Stole,"['SCFEHDJN5HUHSG5F', 'SCFEHDJKTM826ZRA', 'SCFEHDK7XFHAAZZZ']"
JUSF2 Black Color Hair Band (Multicolor),['HACEGKHCGRWZURKD']
Jazz Eyewears Over-sized Sunglasses,['SGLEGGG3PBR9XMDF']
Jewellery,"['RNGE4EZ4ZZVZMKNU', 'RNGE8UGWZYBGJRSB', 'RNGE4YXXZKHDXKME', 'RNGECNH3EGGBCQSQ', 'RNGE7M92HHFJZZZM']"
"Joyra Heart Sterling Silver Swarovski Crystal, S...",['RNGEH6UCQNQGQNFP']
Just Wow Women Flats,['SNDEGFDVAFPTGYED']
K&P Dr.Ambedkar Large 04 Showpiece  -  19 cm (Po...,['SHIEHGXHM6VBHTUR']
K&P Lord Ganesha Large 03 Showpiece  -  19 cm (P...,['SHIEHGXH8GPWGWFE']
"Kalpaveda Copper Bowl (Gold, Pack of 1)",['BWLEG47FHHGVJZZZ']
Kanvas Bellies,['SHOEHYFFPUHAKYYZ']
Kitchen & Dining,"['PTPDVPEXQ88YHBEE', 'GLSEEANP3Z43QAUA', 'PTPDVPEXFUZNDZZH', 'PRCEA7HFDBNGFFM4', 'PACE4NXHHGTHK3QC']"
Kittens Boys Flats,['SNDEHDC6YDWFWHV2']
Klaur Melbourne Bellies,['SHOEHXHV4SZCQB65']
"Knight Ace Kraasa Sports Running Shoes, Cycling ...",['SHOEHE7C7X5FZYMF']
Koie  Battery - For Samsung 7562 Premium Quality...,['ACCEGGXEBPFGCDPQ']
"Kombee Girl's Printed Red, Pink Top & Capri Set",['NSTEG358AT2YQVV2']
Kraft Seeds Dill Herb Seed (50 per packet),['PAEEHFQEM8KMXHHM']
Kraft Seeds Rosemary Herb (Pack Of 5) Seed (75 p...,['PAEEHFQQHJQXNDDE']
Kraft Seeds Thyme Herbs Seed (200 per packet),['PAEEHFQH2G5TXFFH']
LGRL Women's Leggings,['LJGEGJJ3A3YPGNMP']
Laser X Checkered Men's Boxer (Pack of 4),['BXREGCWNHEBNY4HA']
Leading lady Women's Camisole,['CSPEHETE5PZBVAHS']
Legmark Slim Fit Women's Blue Jeans,['JEAEGGDJGFGQXEKV']
Legmark Slim Fit Women's Light Blue Jeans,['JEAEGGDJSGBFYYDF']
Libas Printed Women's A-line Kurta,['KTAEGFPRCCS46ZMA']
Libas Printed Women's Anarkali Kurta,['KTAEG2EQ6GSJE8AG']
Lilliput Top Baby Girl's  Combo,"['ACBEHDUB7GGNTQSN', 'ACBEHDU9Z9DGZP9Z', 'ACBEHDUATE73ZUFF', 'ACBEHDU8AZDTXQ5J', 'ACBEHDUASPTC7JBZ']"
Linzina Fashions LIN-HOSS-1.5 Faucet Set,['FSEEGGVEZFGM95J5']
Little Stars Girl's A-line Multicolor Dress,['DREEGBW5VVNVZPGC']
LondonHouze Printed Women's Round Neck Grey T-Shirt,['TSHEGGCYZT5VYAGD']
"Lucky Thailand GL/ LG30 Glass (300 ml, Clear, Pa...",['GLSEHQYGTDHYHFKJ']
MASARA Solid Women's Straight Kurta,"['KTAEHETW3ZCMFMJR', 'KTAEHETVCXXZRXGK', 'KTAEHETWRNSWM4EF', 'KTAEHETWXZYYG35G', 'KTAEHETWZZ5KEAT9']"
Mast & Harbour Black Synthetic  Clutch,"['CLTEHE9GGXJKCWCV', 'CLTEHE9FHWMCHUMM']"
Mast & Harbour Gold Synthetic  Clutch,['CLTEHE9GYYY2P7AN']
Miss Wow Slim Fit Women's Blue Jeans,['JEAEGCF5GJNHE3YU']
Mobiles & Accessories,"['ACCEEV5UV5NV4PKZ', 'PWBEGH7TYBFEEZQK', 'ACCE9ZVFRF5VPGYH', 'ACCEEV5V5VD5DR9C', 'ACCE5DAAJGHATWZA']"
NEWGEN TECH EO-HS3303 179 Wired Headset (White),['ACCEGGAF75RZUBTU']
NEWGEN TECH EO-HS3303 218 Wired Headset (White),['ACCEJEEYKYZKGH3C']
NEWGEN TECH EO-HS3303 58 Wired Headset (White),['ACCEGG9UKGNPHBT2']
Naaz 2 in 1 Paper Quilling Board Game,['BDGEGEGCMBZEBC4S']
Naaz Dart game Board Game,['BDGEGEGDXYHYAJQN']
New Darling Women's Printed Top & Pyjama Set,['NSTEGQYDKZDTSY75']
Nine Maternity Wear Women's Fit and Flare Dress,['DREEEYGRYGXYB9BU']
Noor Embroidered Women's Straight Kurta,['KTAEHFQGFGMGGMUZ']
Nut Khut Embroidered Kurta & Churidar,['SWDED67JXTWZURCW']
OEM 170774 Bike Side Stand,['BKAEGFWZGUHG2XHA']
"Ocean GP/Pyramid Glass (300 ml, Clear, Pack of 12)",['GLSEHPS7UYJVYUTR']
Oddy RS 1.5 X 2 100 Sheets Self Stick Reposition...,['PSIEF4ATFU6QYETN']
Olvin Aviator Sunglasses,"['SGLEGBV6MF4E396Z', 'SGLEGBV4DEZ9ZGB8', 'SGLEGBV6FW3VWD2H', 'SGLEGBV6PV5AZQMH', 'SGLEGBV5ANNWWFZX']"
Olvin Oval Sunglasses,"['SGLEGBV8BENMFZGH', 'SGLEGBV8VZ4QSREY', 'SGLEGBV7HZZGTJTF']"
Olvin Rectangular Sunglasses,"['SGLEGBV7K2MGEGRB', 'SGLEGBV8VGCMH77F']"
Olvin Wayfarer Sunglasses,"['SGLEGBV6ZYCNDR8F', 'SGLEGBV6TG4NUF97', 'SGLEGBV6USTHRNDH', 'SGLEGBV65VHSPDC8']"
Oly Two Fit Fit Women's Black Jeans,['JEAEGF6NUGGY3NJE']
Oly Two Fit Fit Women's Dark Blue Jeans,['JEAEGF6N2YHEFV6J']
Pazel Slim Fit Men's Jeans,['JEAEHG766QCG2Z7S']
Pens & Stationery,"['BMDEGVYEMNWS2XH2', 'DIADSN4DSMJZWCPW', 'BMDEGVYEE6HXZJCK', 'BMDEGVYDBZ7NHRZH', 'MAHEEVSWQSZUUFQY']"
Pet Supplies,"['PEAEGBRCQMFYTPU4', 'PBLEGWQW5FHJXWZT', 'PBLEGVWGFFJVUXGV', 'PBLEGVWGMZKMCNEU', 'PTYEDMT4FRUDXZCP']"
Pia International 10X70X70 WITH ZOOM SAKURA Bino...,['ACCEEH54FHWVHZHN']
Planet Waves Woodstock Strap (Multicolor),['ISTEH3DRCCZDVHM4']
Pout Brass Bangle,"['BBAEGJFQNBWP6G4G', 'BBAEGJFQYX2ENC4X', 'BBAEGJFQZTGFHJHD']"
Power Smart Quick Charging Pack For PAN CGR-D28 ...,['ACCEHPWENYHHSF3D']
Power Smart Quick Charging Pack For PAN CGR-DU-2...,['ACCEHPWEJZG9FR8M']
"Prime Printed 8 Seater Table Cover (Multicolor, ...",['TCVEHSMFMDNFHQYG']
PrivateLifes MasterPiece Women's Push-up Bra,['BRAEG7AYZAQBS3EH']
Pu-Good Women Flats,"['SNDEGHUUHYK7D48R', 'SNDEGHUTJWZTDZ4Y', 'SNDEGHUUNWUVGHWK', 'SNDEGHUUGAEHYEE2']"
REMSON INDIA Women Flats,['SNDEGJFVJAHQCENF']
RajeshFashion Women's Leggings,['LJGEHDSP4FSHGSVB']
Rasav Jewels Yellow Gold Diamond 18 K Ring,['RNGEH8WN5KNHEFWJ']
Remax Rm-10000 Remax Vanguard 10000mah 10000 mAh...,['PWBEH5GVSSEVAYFH']
Royal Seal Creations 40 ST COLOR Silver Zircon N...,['RNGEH9Z2H9EDXZ9Y']
Ruhi's Creations Cotton Cartoon King sized Doubl...,['BDSEGJBRDPGXNJSZ']
Ruhi's Creations Cotton Floral King sized Double...,['BDSEGJBRDTHP5VMS']
Ruhi's Creations Polyester Silk Blend Cartoon Ki...,"['BDSEGJBRVGWMTQZU', 'BDSEGJBR736FBGUE', 'BDSEGJBRR2HQ8E3G']"
"SAY Thread Wounded Candle 10\"" Set of 4 pcs Solid...",['WFCEGE8AKAZM6Z5D']
"SAY UV Sterilizer Solid Filter Cartridge (0, Pac...",['WFCEGE8AZHGFEP8H']
SHOPOJ Multicolor Paper Sky Lantern (80 cm X 34 ...,['LTNEHQSPYVUJVBT5']
"SHOPOJ Purple Paper Sky Lantern (80 cm X 34 cm, ...",['LTNEHQSQSYYEJUH7']
"SHOPOJ White Paper Sky Lantern (80 cm X 34 cm, P...",['LTNEHQSPYGMPTZVV']
"SHOPOJ Yellow Paper Sky Lantern (80 cm X 34 cm, ...",['LTNEHQSPPERPKVRC']
"SJ Barstel 56m / 1000m Binoculars (30 mm, Black)",['ACCEEZGY4FT4WC8H']
"SJ Bushnell 122/1000M Binoculars (36 mm, Black)",['ACCEEGQT5VMA4GGE']
"SJ Comet Zoom DPSI Binoculars (30 mm, Black)",['ACCEEZGXKKMCVE8C']
SMART DENIM Solid Women's White Denim Shorts,['SRTEGFWEH6ZZQW35']
SMART TRADERS Girls Bellies,['SNDEGAHFHSWVDGNZ']
SMART TRADERS Women Flats,['SNDEGGQ6T4W8ZGKH']
SMART TRADERS Women Wedges,['SNDEGGQ2QZ2HMFYB']
SRPC BAOER STARWALKER EXECUTIVE ROLLERBALL Pen G...,['PENEHEJ9S9HKGYVU']
SUPERMOD Men's Brief,['BRFEHS8Y72WAUKHZ']
"Samprada Modern art Tapestry (Black, Pink)",['TPYEGGUFSKXJFYY5']
Selfcare Women's Thong Panty (Pack of 3),['PANEHDF3XR2M6VU7']
Shonaya Printed Bhagalpuri Art Silk Sari,['SAREGJY7NJ9QSCA8']
Shrih SH-0192 Wired USB Flexible Keyboard (Red),['ACCEHR4HMGHFRQAC']
Shrih Toe & Foot Protector Pain Relief Pad (Pack...,['TSREG25AX3TQJZ3K']
Siemens 5SL Betagard 5SL MCB (1),['MCBEDTNRXEQ86KXQ']
Sisel Printed Poly Cotton Women's Stole,['SCFEHFMHWZNYMH9C']
Siyas Collection Lac Cubic Zirconia Bangle Set (...,"['BBAEHWDDZHUCSFWQ', 'BBAEHQKMBQTG3E6J']"
"Sj Bushnell 119M / 1000 Binoculars (36 mm, Black)",['ACCEENJNGEHXRNCE']
Skayvon SUBMERSIBBLE THREE PHASE PUMP CONTROLLER...,['SSSEHFZ34KRWYGSH']
Skayvon SUMMERSIBLE SINGLE PHASE PUMP CONTROLLER...,['SSSEHFZ2TRZBAPF9']
Small Toes Bellies,['SHOEF6Z8EMKP2HAS']
Sonaxo Men Running Shoes,['SHOEHC8QSEFW8MZP']
Spa Culture Fit Fit Women's Black Jeans,['JEAEGF6NP8SFSGM7']
"Speedwav 186136 Manual Rear View Mirror (Right, ...",['VMREGG7NTXBTBQNG']
Speedwav 186879 Bajaj Pulsar 200 NS DTS-i LED In...,['VILEGEXCQVBQRAP8']
Speedwav 186926 Royal Enfield 350 Twin Spark LED...,['VILEGEXCGUGBJGVH']
"Speedwav 216456 Manual Rear View Mirror (Right, ...",['VMREGG7N4YPGKQZ2']
"Speedwav 216510 Manual Rear View Mirror (Right, ...",['VMREGG7ZZGYBZARY']
"Speedwav 216552 Manual Rear View Mirror (Right, ...",['VMREGG7NZEFYE7A9']
Speedwav 240437 Sun Shade For Hyundai i10 (Dashb...,['SUDEHYGUXGNXBNZM']
Sports & Fitness,"['BOAE5GRRGVHKXWBZ', 'BATDTHQV76ANNZF5', 'SPBDHHHHXPZJDGYB', 'SKTE8HA2HDURGKTF', 'BALED8XDHZV97EHJ']"
Srajanaa sr114 Travel Shaving Kit (Black),['TSKEE3GC4FEHHWHF']
Starsy Printed Women's Round Neck Black T-Shirt,['TSHEGF9YZUKYJKZG']
Starsy Solid Women's Round Neck Green T-Shirt,['TSHEGF9V4FEUJTGD']
Style World Women Flats,['SNDEGGUTDYJCK7KZ']
"Sugandh Vatika 24 Natural Masala, Sandal Incense...",['INSDZKFYUEHRDXJH']
Sumo Baby Walker (Red),['WLKEEXSVZWZHJEZW']
Sunglasses,"['SGLEGBV6ZNUJNJS9', 'SGLEJV5XS9UCYHPM', 'SGLEJJCW6JYDJZKH', 'SGLEJFM3XXXGKXDA', 'SGLEJJ7HNYDPKZ5P']"
Synergy SFJB0105 Grocery Bag (Blue),['GCBEGY2PHUY2VVUH']
THERISE MD0005 Wired Headset (Pink),['ACCEJ5WM49X2XKDU']
TIMBERLAKE Slim Fit Fit Women's Blue Jeans,['JEAEGE8QPZN6YVGH']
TIMBERLAKE Slim Fit Fit Women's Brown Jeans,"['JEAEGE8RZKMRFFYN', 'JEAEGE8RNMHJPFJW']"
TIMBERLAKE Slim Fit Fit Women's Red Jeans,"['JEAEGE8QZWHUMPYJ', 'JEAEGE8RGRFHFUU7']"
TSG Breeze Printed Women's Round Neck Multicolor...,"['TSHEGG9GBENXNKUZ', 'TSHEGG9HK9ZZ5FMZ']"
Taurus Black & white Lace Up,['SHOEHFB7WU5C4HBD']
The Cotton Company Solid Women's Polo Neck Pink ...,"['TSHEGFWN7RHQBRMU', 'TSHEGFWNBCWVGQNG']"
The Crazy Me 1 Compartments Eco-Friendly leather...,['DKOEGY7FA4JM94BG']
"Threads & Pals Full Sleeve Printed, Solid Men's ...",['SWSEHUF9PRYCHNQF']
Threads & Pals Full Sleeve Self Design Men's Swe...,['SWSEHU26VGTE5B3C']
Tools & Hardware,"['PCSE4VAVKNSGYRN7', 'PCSE2FMZJWGY3ZY4', 'CMDEEFCX8VGH3UYG', 'PCSE4VAV8F9SFSGA', 'PCSEDT7S9UVVR68Y']"
Toys & School Supplies,"['RCTE38HXGH4CJEPH', 'AFGEFJSDG8YZNTXN', 'AFGEFJSGDNCGEZ6C', 'RCTE5NEGEHQGACAD', 'ETYEGW59FFDEFGMU']"
Treppe Bellies,"['SHOEHX7C49VUXDRQ', 'SHOEHX7CGSEMUENU', 'SHOEHX7DSTYYNJYX']"
UFO Full Sleeve Solid Girl's Jacket,['JCKEC893GVPBWCGU']
UFO Self Design Round Neck Casual Girl's Sweater,['SWTEC893HAYEAWHV']
United Colors of Benetton Girl's Trousers,['TRODSPHZRHJQH6S9']
Urban Girl Foundation Brush (Pack of 10),"['BAREGGF8JSE3HTF9', 'BAREGJ8BSB7QZ8SG']"
Urban Girl Foundation Brush (Pack of 12),['BAREGGF8NBTFWU4G']
Urban Girl Foundation Brush (Pack of 7),['BAREGJ8B2Y3TPUWH']
V&G Professional HD-37 Hair Dryer (Red),['HDREHKYRZKJFXQY4']
Vinenzia Printed Winter Men's Gloves,['GVEEEWHH8FHXBKXV']
Viral Girl Women's Full Coverage Bra,['BRAEGGERBAHCSF5C']
Vishudh Printed Women's Anarkali Kurta,['KTAEHE9KEZBBQHYA']
Vishudh Printed Women's Straight Kurta,"['KTAEHE9HAED4VUQB', 'KTAEHE9KFWXNYHFD', 'KTAEHE9KFCMVVSBN', 'KTAEHE9H9MVK42JA', 'KTAEHE9KNNU7RP4Z']"
Vitamins Solid Baby Girl's Basic Shorts,['SRTEHQFQMZKU9NVY']
Walkline Slippers,['SFFEGG74CMKFQVHF']
Watches,"['WATEHYHJZDVZXNHZ', 'WATE9DX9E4YSRJSY', 'WATECJ25SP6A7VD5', 'WATEBFPXFYMWJGJZ', 'WATEAYAHJ8CUCAYM']"
Wearable Smart Devices,"['SBWEEFZSFDPHFEKM', 'SBWEGKHH7SY6ENHV']"
Wella Elements Leight Weight Renewing Conditione...,['CNDEHGXHDHMKJXUS']
Wellon Fittings set (16 pieces) for RO Water Pur...,['WFCEHYZMGJQWVVZU']
Yo Baby Girl's Trousers,['TRODV7EYWAFXKFUW']
Zevrr Sterling Silver Swarovski Zirconia Platinu...,['RNGEH4G46M4DTFSM']
Zikrak Exim Women Wedges,['SNDEGG8AM4XNVJUG']
"Zixtro Bug (Black, Backpack)",['SPBDWS88YYG4FCGE']
classyworld Brass Cufflink (Grey-02),['CTPEGGFRXHKBYHXM']
classyworld Brass Cufflink (Silver-01),['CTPEGGFREGQYG8VT']
clickforsign Avoid Contanimation Wash your Hands...,['EMSEDSHQGFK6TF5F']
clickforsign Sound horn Before entering Emergenc...,['EMSEDSHQ3VU6T8Y2']
e-Fresh Baby Boy's Brief (Pack of 10),['BRFEGJAGCGMUZ7UH']
e-Fresh Boy's Brief (Pack of 5),['BRFEGHPVKBFEJZ3N']
eBooks,"['DGBDNY38GJMFBBPF', 'DGBDNY3ACA6PBK5X', 'DGBDGBYTYTHFGZYA', 'DGBE43HAN5ZAHAMP', 'DGBDTDF5NZDPRXHS']"
fourgee Slim Fit Women's Blue Jeans,"['JEAEGFMHMXFFUBUZ', 'JEAEGFMZ7SGJWBR5']"
kem Flow Gold skinny Fit Baby Girl's Blue Jeans,['JEAEGBX2FBDMZK2N']
killys Men's Solid No Show Socks,"['SOCEGHM6YYCTBXHS', 'SOCEGHH2FWBTSGBT']"
piftif Women's Sports Bra,['BRAEGG4PJFZEHY5T']
run of luck Solid Women's Round Neck Dark Blue T...,['TSHEGF8JWKNUMBWJ']
soie Fashion Women's Full Coverage Bra,['BRAEGJFZYEW2BMFJ']
soie Fashion Women's Sports Bra,['BRAEGJFY9BCBSK3Q']
"tadd Men's, Women's Ankle Length Socks",['SOCEGGMEN3VUAKTK']
xy decor Cotton Sofa Cover (white Pack of 6),['SLIEHUFTZFVFDGEZ']
